RegionID,SizeRank,RegionName,RegionType,StateName,2018-01-31,2018-02-28,2018-03-31,2018-04-30,2018-05-31,2018-06-30,2018-07-31,2018-08-31,2018-09-30,2018-10-31,2018-11-30,2018-12-31,2019-01-31,2019-02-28,2019-03-31,2019-04-30,2019-05-31,2019-06-30,2019-07-31,2019-08-31,2019-09-30,2019-10-31,2019-11-30,2019-12-31,2020-01-31,2020-02-29,2020-03-31,2020-04-30,2020-05-31,2020-06-30,2020-07-31,2020-08-31,2020-09-30,2020-10-31,2020-11-30,2020-12-31,2021-01-31,2021-02-28,2021-03-31,2021-04-30,2021-05-31,2021-06-30,2021-07-31
102001,0,United States,Country,"",271433.0,272586.0,278952.0,288316.0,295630.0,299263.0,299767.0,299433.0,298467.0,296967.0,294000.0,291500.0,289793.0,292127.0,297260.0,305633.0,313933.0,320267.0,321900.0,319600.0,314967.0,310967.0,305950.0,302283.0,299317.0,299333.0,304667.0,311333.0,321000.0,329000.0,335997.0,339663.0,339997.0,339967.0,338300.0,334633.0,329667.0,329667.0,336666.0,351333.0,365754.0,375754.0,379088.0
394913,1,"New York, NY",Msa,NY,499966.0,508300.0,521333.0,537667.0,546000.0,549666.0,549962.0,549629.0,549296.0,549000.0,546000.0,541333.0,535000.0,536666.0,541666.0,553333.0,561667.0,569167.0,570233.0,566900.0,565733.0,566000.0,568500.0,568500.0,567433.0,569933.0,578600.0,586667.0,594667.0,596333.0,608000.0,621333.0,636300.0,644300.0,647633.0,649333.0,652667.0,659663.0,669330.0,675997.0,677667.0,671000.0,661167.0
753899,2,"Los Angeles-Long Beach-Anaheim, CA",Msa,CA,852467.0,860833.0,877167.0,897667.0,911000.0,911000.0,897997.0,876297.0,856297.0,839300.0,829000.0,815967.0,805967.0,807633.0,824333.0,854333.0,879666.0,904666.0,916666.0,924967.0,921633.0,921633.0,921983.0,928650.0,933483.0,949833.0,969833.0,968333.0,960000.0,961666.0,1016266.0,1074599.0,1107600.0,1108000.0,1114997.0,1140330.0,1163330.0,1175183.0,1179516.0,1177633.0,1166783.0,1137450.0,1091333.0
394463,3,"Chicago, IL",Msa,IL,306633.0,311300.0,327933.0,346267.0,356600.0,358967.0,355633.0,348933.0,341600.0,334633.0,328000.0,319667.0,313967.0,317267.0,330267.0,345933.0,355933.0,357933.0,354933.0,348267.0,341600.0,334633.0,328000.0,321333.0,316666.0,320000.0,330833.0,340833.0,347467.0,351633.0,359933.0,368267.0,373233.0,371600.0,364967.0,356633.0,348267.0,346433.0,346467.0,351500.0,355317.0,358317.0,356650.0
394514,4,"Dallas-Fort Worth, TX",Msa,TX,343979.0,348600.0,353766.0,361433.0,366733.0,366567.0,359933.0,351633.0,345000.0,341667.0,339967.0,338433.0,336733.0,336767.0,341630.0,349663.0,356663.0,359352.0,356318.0,351302.0,346917.0,345250.0,343933.0,341967.0,338633.0,337800.0,339467.0,341167.0,344663.0,349963.0,357963.0,362933.0,364633.0,363300.0,361333.0,359000.0,357994.0,359373.0,364036.0,373372.0,383993.0,392913.0,397883.0
394974,5,"Philadelphia, PA",Msa,PA,252967.0,249667.0,254633.0,261633.0,271600.0,278300.0,281633.0,280000.0,276633.0,274933.0,272933.0,267633.0,259333.0,254667.0,258167.0,268000.0,279633.0,288133.0,293300.0,294330.0,294330.0,294330.0,293333.0,290000.0,285000.0,284967.0,288300.0,294633.0,301633.0,311633.0,323633.0,333000.0,336300.0,337963.0,334960.0,329993.0,321663.0,318000.0,318997.0,323997.0,329297.0,334100.0,332433.0
394692,6,"Houston, TX",Msa,TX,325000.0,326997.0,331663.0,336821.0,341491.0,341824.0,339667.0,334167.0,329166.0,324500.0,321333.0,319000.0,318292.0,318625.0,322292.0,328000.0,333300.0,333633.0,330300.0,325000.0,321494.0,319794.0,318127.0,314967.0,311667.0,311667.0,315000.0,318333.0,323300.0,329467.0,336133.0,341654.0,345487.0,347154.0,346667.0,343333.0,341633.0,341633.0,347130.0,356830.0,368328.0,377832.0,382495.0
395209,7,"Washington, DC",Msa,DC,442667.0,442633.0,452933.0,463267.0,476300.0,486330.0,495330.0,491997.0,483633.0,474600.0,468233.0,459900.0,453233.0,454933.0,468267.0,484933.0,496600.0,499933.0,496800.0,491800.0,488467.0,488300.0,489633.0,486300.0,484300.0,487963.0,502997.0,514993.0,526663.0,538297.0,551600.0,559767.0,556466.0,551666.0,541800.0,532630.0,520793.0,515827.0,514997.0,523333.0,530000.0,536633.0,536600.0
394856,8,"Miami-Fort Lauderdale, FL",Msa,FL,461166.0,462833.0,466633.0,473267.0,478200.0,479233.0,475933.0,469333.0,460000.0,453000.0,448000.0,446333.0,444300.0,444267.0,445900.0,448767.0,453800.0,457166.0,461633.0,461633.0,461300.0,459167.0,458833.0,458833.0,459000.0,459333.0,462667.0,459667.0,459333.0,461333.0,476333.0,491667.0,506667.0,516667.0,520330.0,518663.0,518663.0,526667.0,538333.0,555000.0,571000.0,579333.0,577633.0
394347,9,"Atlanta, GA",Msa,GA,312867.0,317867.0,327267.0,338300.0,348300.0,351667.0,348300.0,341467.0,334733.0,329767.0,325267.0,321667.0,318333.0,317967.0,321633.0,331630.0,341663.0,348297.0,348267.0,344900.0,339933.0,334967.0,331633.0,329008.0,327342.0,327158.0,330083.0,331750.0,335300.0,340000.0,350000.0,359000.0,365633.0,367818.0,367151.0,364485.0,362301.0,363934.0,371933.0,388600.0,404218.0,415585.0,418585.0
394404,10,"Boston, MA",Msa,MA,553267.0,561633.0,584997.0,611330.0,624663.0,618000.0,598000.0,572666.0,555967.0,549300.0,546267.0,541300.0,538300.0,541633.0,561633.0,581600.0,601600.0,603233.0,603233.0,596600.0,593267.0,590633.0,590600.0,588967.0,586633.0,590000.0,608300.0,624267.0,640900.0,650567.0,664567.0,674267.0,677633.0,685967.0,692633.0,699300.0,704333.0,724633.0,741600.0,744933.0,736633.0,725000.0,716633.0
395057,11,"San Francisco, CA",Msa,CA,816279.0,831317.0,881317.0,941317.0,975650.0,987629.0,962963.0,923296.0,891000.0,883667.0,873667.0,844000.0,816315.0,825982.0,875649.0,928667.0,967667.0,974333.0,967333.0,940667.0,934000.0,936333.0,939667.0,916000.0,893567.0,910233.0,949233.0,983000.0,1013000.0,1064333.0,1128229.0,1159563.0,1168196.0,1161300.0,1173300.0,1171333.0,1174000.0,1160667.0,1169333.0,1181667.0,1186296.0,1170963.0,1135296.0
394532,12,"Detroit, MI",Msa,MI,221567.0,219900.0,228233.0,244933.0,261633.0,273000.0,274633.0,269300.0,259600.0,251267.0,243267.0,235267.0,228633.0,226967.0,234967.0,249967.0,266600.0,277933.0,279600.0,274963.0,263663.0,254997.0,246300.0,239600.0,231600.0,226633.0,230633.0,238633.0,253300.0,272333.0,289333.0,299633.0,294933.0,288267.0,278933.0,270600.0,263933.0,263267.0,271267.0,284567.0,294600.0,299966.0,298300.0
395025,13,"Riverside, CA",Msa,CA,401633.0,405000.0,411667.0,418333.0,423333.0,425000.0,423300.0,419967.0,415929.0,412296.0,408963.0,404633.0,404633.0,407967.0,416296.0,422296.0,427296.0,430667.0,433300.0,433267.0,429600.0,426267.0,422967.0,421633.0,421666.0,425000.0,431333.0,435997.0,442330.0,452330.0,469000.0,485967.0,499300.0,505967.0,509333.0,511333.0,511667.0,511633.0,512967.0,522800.0,535833.0,546133.0,549633.0
394976,14,"Phoenix, AZ",Msa,AZ,337633.0,343333.0,351633.0,356630.0,359963.0,358330.0,354967.0,349967.0,346633.0,344333.0,342667.0,342333.0,344374.0,347707.0,352707.0,357833.0,362833.0,365833.0,366000.0,367633.0,368300.0,369933.0,371633.0,374633.0,380682.0,387348.0,394315.0,390633.0,387300.0,387300.0,398300.0,408267.0,413800.0,413967.0,412300.0,411800.0,414967.0,419000.0,425633.0,435600.0,451567.0,464933.0,474933.0
395078,15,"Seattle, WA",Msa,WA,522333.0,540667.0,570960.0,598293.0,616589.0,620929.0,614429.0,602767.0,591467.0,588267.0,584950.0,583950.0,587283.0,603633.0,629633.0,659333.0,674667.0,677667.0,667667.0,659317.0,652950.0,649950.0,649967.0,651650.0,659983.0,674983.0,689667.0,690967.0,692617.0,697950.0,713317.0,721050.0,721033.0,712683.0,704950.0,699950.0,708300.0,721647.0,738313.0,751647.0,758316.0,758333.0,753000.0
394865,16,"Minneapolis-St Paul, MN",Msa,MN,364601.0,382098.0,397110.0,402325.0,400575.0,392911.0,385598.0,376849.0,370165.0,364216.0,360717.0,360752.0,367051.0,380734.0,395356.0,405329.0,405644.0,400085.0,393576.0,386613.0,377899.0,370900.0,367401.0,370865.0,379047.0,391295.0,401303.0,403620.0,403585.0,404074.0,407259.0,405509.0,398510.0,390112.0,384898.0,386647.0,390585.0,397524.0,405359.0,410327.0,411991.0,406263.0,402630.0
395056,17,"San Diego, CA",Msa,CA,749316.0,765983.0,779000.0,792333.0,795600.0,796600.0,786900.0,770300.0,749467.0,732167.0,715833.0,709000.0,709633.0,724633.0,746300.0,772633.0,790633.0,798967.0,797667.0,797667.0,797667.0,795667.0,795333.0,795592.0,798692.0,807692.0,824100.0,824633.0,831300.0,847967.0,897967.0,929630.0,938297.0,921330.0,901000.0,891926.0,891926.0,898892.0,899300.0,899633.0,899333.0,899333.0,892333.0
395121,18,"St. Louis, MO",Msa,MO,191600.0,192162.0,198162.0,208137.0,217541.0,222541.0,222567.0,220900.0,219930.0,219930.0,218263.0,214600.0,210633.0,210667.0,217667.0,228300.0,239267.0,245600.0,247300.0,245333.0,242333.0,240133.0,237766.0,234400.0,233267.0,235800.0,240833.0,245667.0,251467.0,258657.0,263490.0,263490.0,260967.0,257967.0,254633.0,249967.0,248267.0,251633.0,259600.0,268267.0,269900.0,266933.0,258300.0
395148,19,"Tampa, FL",Msa,FL,279703.0,280370.0,283703.0,290267.0,296133.0,299167.0,297833.0,294633.0,289967.0,286300.0,282967.0,280967.0,279300.0,279967.0,284050.0,291017.0,298383.0,301300.0,301300.0,299933.0,299600.0,298300.0,296300.0,293300.0,291297.0,291663.0,294663.0,295663.0,297327.0,303323.0,313993.0,323993.0,329497.0,332797.0,332767.0,331597.0,328263.0,326630.0,329800.0,338167.0,353133.0,364967.0,376633.0
394358,20,"Baltimore, MD",Msa,MD,307333.0,303333.0,308333.0,318330.0,332997.0,342997.0,349667.0,349667.0,346300.0,342267.0,334267.0,327300.0,321000.0,319300.0,322962.0,333229.0,343262.0,351600.0,354500.0,354467.0,350797.0,344297.0,337630.0,329633.0,323300.0,323330.0,331613.0,341580.0,351550.0,359600.0,366630.0,368330.0,365297.0,359933.0,351600.0,342744.0,332778.0,332444.0,338000.0,346333.0,355000.0,358333.0,361633.0
394530,21,"Denver, CO",Msa,CO,564256.0,580919.0,585919.0,584663.0,573970.0,560637.0,543895.0,531258.0,522258.0,512667.0,506000.0,505000.0,513333.0,528333.0,543333.0,555000.0,556667.0,553300.0,544967.0,536633.0,528317.0,524983.0,528313.0,534997.0,547663.0,564333.0,581095.0,584928.0,582928.0,584467.0,595633.0,602633.0,599402.0,588669.0,587003.0,593600.0,601667.0,610983.0,615983.0,627650.0,636633.0,644967.0,649967.0
394982,22,"Pittsburgh, PA",Msa,PA,166467.0,164833.0,167800.0,171300.0,176267.0,178267.0,178267.0,176633.0,174966.0,174133.0,172433.0,169767.0,167233.0,166433.0,169767.0,176767.0,184233.0,190233.0,193267.0,194933.0,193300.0,189933.0,184933.0,179933.0,177600.0,179300.0,185600.0,189633.0,194600.0,203267.0,214933.0,221633.0,222333.0,222300.0,222267.0,219933.0,216300.0,213667.0,215000.0,220300.0,226267.0,228267.0,224933.0
394998,23,"Portland, OR",Msa,OR,490797.0,494947.0,506297.0,515600.0,522442.0,519758.0,512092.0,503267.0,492967.0,486333.0,481633.0,479933.0,481600.0,486633.0,493333.0,499300.0,503450.0,503450.0,502150.0,498166.0,494800.0,490133.0,486600.0,486300.0,490967.0,499997.0,508663.0,508663.0,509650.0,512970.0,523303.0,529820.0,536467.0,543100.0,554933.0,566617.0,572950.0,574583.0,580933.0,597633.0,615967.0,624633.0,623600.0
394458,24,"Charlotte, NC",Msa,NC,341267.0,341533.0,344900.0,351600.0,357333.0,360633.0,357300.0,351633.0,344967.0,339633.0,334300.0,329333.0,326333.0,328681.0,336681.0,346006.0,353992.0,357625.0,356633.0,352967.0,347967.0,345967.0,344074.0,344108.0,344441.0,347167.0,352133.0,353800.0,358267.0,363300.0,374700.0,380286.0,382951.0,379551.0,376788.0,373623.0,373257.0,376433.0,383897.0,397930.0,410630.0,418666.0,418966.0
395045,25,"Sacramento, CA",Msa,CA,476732.0,481844.0,490329.0,500552.0,507026.0,508764.0,505357.0,498882.0,490363.0,483548.0,478436.0,476732.0,477073.0,485251.0,497178.0,514200.0,526467.0,536690.0,539774.0,539774.0,535950.0,529441.0,524313.0,524695.0,529841.0,540047.0,549874.0,553282.0,553316.0,554939.0,566525.0,578451.0,590872.0,599732.0,607910.0,611301.0,614378.0,610259.0,605500.0,612667.0,623566.0,634730.0,633396.0
395055,26,"San Antonio, TX",Msa,TX,283058.0,284558.0,286191.0,291133.0,296267.0,299467.0,298133.0,294500.0,289654.0,284654.0,282320.0,281500.0,281500.0,280833.0,281667.0,285364.0,290531.0,293864.0,293500.0,290333.0,287000.0,283879.0,281846.0,279846.0,279300.0,279633.0,283133.0,286767.0,291189.0,294688.0,299055.0,300966.0,300601.0,297901.0,294434.0,290767.0,288467.0,289467.0,293467.0,299633.0,305133.0,313500.0,327833.0
394943,27,"Orlando, FL",Msa,FL,318600.0,320633.0,326772.0,333472.0,339439.0,340967.0,340633.0,337967.0,334467.0,329767.0,324767.0,321267.0,318633.0,318667.0,322000.0,329633.0,337933.0,343100.0,343133.0,341466.0,339933.0,339533.0,339067.0,338933.0,339300.0,342800.0,346300.0,346000.0,343943.0,343943.0,350910.0,356633.0,360800.0,360815.0,360815.0,361615.0,361600.0,364930.0,371295.0,382995.0,392965.0,399967.0,404967.0
394466,28,"Cincinnati, OH",Msa,OH,226300.0,229667.0,241633.0,259933.0,274100.0,279133.0,275500.0,266333.0,258000.0,251617.0,248250.0,243917.0,240300.0,245300.0,259300.0,276267.0,289300.0,295800.0,297497.0,292830.0,286630.0,278300.0,272703.0,267703.0,267703.0,277633.0,294333.0,312633.0,326633.0,341600.0,353267.0,356567.0,346567.0,333233.0,321263.0,317130.0,317130.0,322433.0,329567.0,339600.0,351300.0,355133.0,351767.0
394475,29,"Cleveland, OH",Msa,OH,161300.0,161828.0,166744.0,173673.0,180601.0,185550.0,187496.0,186969.0,185319.0,183372.0,181063.0,179281.0,177632.0,179008.0,182440.0,189038.0,194293.0,199571.0,199901.0,199407.0,195778.0,192445.0,187958.0,183042.0,179776.0,180469.0,187034.0,193633.0,203696.0,211944.0,221809.0,224250.0,219301.0,213249.0,208485.0,205506.0,202342.0,204573.0,215054.0,230054.0,238354.0,238229.0,229929.0
394735,30,"Kansas City, MO",Msa,MO,255000.0,259967.0,269933.0,274933.0,277967.0,277000.0,276967.0,273967.0,274933.0,282967.0,291133.0,297333.0,300967.0,311133.0,324933.0,334967.0,341300.0,339667.0,334633.0,324933.0,316600.0,311633.0,309667.0,309333.0,312667.0,321678.0,335344.0,345344.0,356333.0,364666.0,371300.0,368267.0,359900.0,351567.0,344933.0,341617.0,343233.0,356400.0,373083.0,388900.0,395400.0,393733.0,384333.0
394775,31,"Las Vegas, NV",Msa,NV,301663.0,303967.0,307300.0,320633.0,341333.0,361300.0,367967.0,364933.0,358263.0,351235.0,342935.0,337938.0,333233.0,329900.0,328233.0,329967.0,334966.0,338333.0,340666.0,340663.0,340330.0,339630.0,339633.0,340967.0,342667.0,349333.0,359967.0,361633.0,358967.0,354967.0,362863.0,370530.0,372897.0,372467.0,372100.0,373067.0,374069.0,377863.0,391896.0,411761.0,436333.0,454667.0,465183.0
394492,32,"Columbus, OH",Msa,OH,259133.0,275767.0,289933.0,305967.0,312667.0,319300.0,318300.0,311467.0,299800.0,288100.0,279900.0,273233.0,268267.0,273267.0,291300.0,311267.0,324300.0,327933.0,329300.0,322933.0,311300.0,296633.0,286633.0,281600.0,283233.0,293233.0,308267.0,319967.0,331667.0,343000.0,351330.0,349303.0,336303.0,326273.0,319933.0,317597.0,313627.0,312657.0,318990.0,328323.0,334990.0,334293.0,332263.0
394705,33,"Indianapolis, IN",Msa,IN,213233.0,217267.0,230600.0,255633.0,277133.0,288800.0,283800.0,273267.0,261633.0,249933.0,239967.0,232967.0,229667.0,234667.0,248300.0,267300.0,282267.0,287800.0,285467.0,280467.0,276567.0,271567.0,266267.0,259333.0,257667.0,262967.0,274633.0,286300.0,297666.0,309633.0,317933.0,319900.0,310933.0,299600.0,287633.0,279202.0,275536.0,276607.0,282371.0,289071.0,293333.0,295953.0,294253.0
395059,34,"San Jose, CA",Msa,CA,1109629.0,1132963.0,1199296.0,1265962.0,1315666.0,1316000.0,1312296.0,1262629.0,1228963.0,1198667.0,1182000.0,1148667.0,1115983.0,1130983.0,1170983.0,1220965.0,1247631.0,1257965.0,1241000.0,1215667.0,1199000.0,1199000.0,1199000.0,1182667.0,1179333.0,1196333.0,1245667.0,1272633.0,1295967.0,1324967.0,1367933.0,1394563.0,1399229.0,1398963.0,1415333.0,1440667.0,1466333.0,1473333.0,1475000.0,1482667.0,1492333.0,1495000.0,1475667.0
394355,35,"Austin, TX",Msa,TX,366791.0,368384.0,372013.0,378324.0,379901.0,380185.0,377030.0,372297.0,365986.0,359676.0,354940.0,350080.0,346893.0,348159.0,354940.0,364447.0,371054.0,369133.0,359719.0,350240.0,343014.0,338507.0,335120.0,332880.0,333539.0,336957.0,346139.0,355123.0,365851.0,377210.0,390525.0,400307.0,408164.0,413858.0,421032.0,423357.0,425648.0,432795.0,450000.0,475000.0,500000.0,518333.0,533333.0
395194,36,"Virginia Beach, VA",Msa,VA,267695.0,267529.0,269151.0,273724.0,278560.0,283068.0,284383.0,284415.0,283118.0,281316.0,279695.0,278105.0,278592.0,281802.0,286635.0,292635.0,297500.0,300743.0,301554.0,301554.0,299965.0,298992.0,298992.0,300613.0,301586.0,302587.0,305798.0,310630.0,316148.0,322635.0,328343.0,332202.0,330613.0,328833.0,324581.0,319267.0,312300.0,308667.0,310330.0,316297.0,319930.0,319933.0,314967.0
394902,37,"Nashville, TN",Msa,TN,379567.0,381233.0,383633.0,387267.0,387300.0,384933.0,379967.0,374933.0,371600.0,368410.0,365910.0,362610.0,360800.0,359967.0,362800.0,366133.0,371133.0,373267.0,373233.0,369933.0,364967.0,361667.0,359967.0,359900.0,359200.0,359200.0,360900.0,363266.0,367733.0,372733.0,379400.0,384300.0,388633.0,390267.0,389267.0,387967.0,389633.0,401300.0,413300.0,425000.0,432105.0,442105.0,453772.0
395005,38,"Providence, RI",Msa,RI,363863.0,367074.0,374210.0,383879.0,391336.0,394904.0,397723.0,397723.0,395975.0,389195.0,382059.0,376672.0,374531.0,376315.0,385271.0,395975.0,408141.0,413137.0,416562.0,415135.0,411888.0,408141.0,404538.0,399186.0,395083.0,396867.0,407606.0,418845.0,427801.0,438505.0,451350.0,460234.0,"","","",427730.0,428346.0,442617.0,449600.0,456267.0,449633.0,459933.0,469633.0
394862,39,"Milwaukee, WI",Msa,WI,222933.0,223267.0,233267.0,246600.0,259600.0,266967.0,270300.0,267267.0,259900.0,251600.0,244933.0,239800.0,238100.0,239800.0,243300.0,243300.0,243300.0,244900.0,246600.0,244900.0,238300.0,231633.0,226600.0,221567.0,219867.0,223233.0,234900.0,246600.0,257967.0,264633.0,269600.0,264933.0,257967.0,247967.0,239633.0,231600.0,224933.0,223267.0,225800.0,232467.0,240767.0,246267.0,246300.0
394714,40,"Jacksonville, FL",Msa,FL,306000.0,311000.0,314967.0,319600.0,321267.0,321267.0,317720.0,314053.0,307419.0,302666.0,298999.0,298967.0,298967.0,299630.0,302997.0,308330.0,316667.0,319667.0,317330.0,310327.0,303960.0,301293.0,299930.0,299597.0,299600.0,302963.0,308297.0,310960.0,314256.0,317589.0,323256.0,323297.0,321330.0,317967.0,313630.0,310447.0,308813.0,311483.0,317330.0,327330.0,338997.0,346667.0,350533.0
394849,41,"Memphis, TN",Msa,TN,187490.0,182722.0,182039.0,185185.0,188332.0,195372.0,200775.0,206846.0,208435.0,209388.0,209229.0,206083.0,202936.0,201093.0,203953.0,208721.0,216029.0,221114.0,224293.0,224041.0,223691.0,223659.0,223850.0,224199.0,222865.0,222706.0,225884.0,230429.0,236754.0,243079.0,250548.0,254139.0,251628.0,248895.0,246924.0,244668.0,241963.0,237660.0,238400.0,241800.0,249800.0,253267.0,254967.0
394935,42,"Oklahoma City, OK",Msa,OK,236808.0,239143.0,244328.0,250510.0,254974.0,256279.0,256107.0,253703.0,251708.0,250137.0,249965.0,248904.0,250990.0,255454.0,264074.0,272624.0,279458.0,281141.0,279065.0,273914.0,270514.0,268675.0,269396.0,269396.0,270272.0,274331.0,279998.0,284102.0,288627.0,296080.0,301917.0,302930.0,299598.0,296508.0,294533.0,291580.0,290345.0,293364.0,301580.0,313280.0,318275.0,315608.0,307180.0
394807,43,"Louisville-Jefferson County, KY",Msa,KY,233316.0,240666.0,254633.0,266600.0,274900.0,278233.0,276567.0,273233.0,269872.0,269538.0,266205.0,261267.0,257600.0,260933.0,269267.0,281267.0,291267.0,296267.0,294963.0,288297.0,281597.0,273233.0,264267.0,255800.0,250800.0,255100.0,268267.0,283600.0,294967.0,300267.0,301600.0,300267.0,290267.0,280630.0,268630.0,263663.0,261329.0,266326.0,274990.0,284657.0,292960.0,296627.0,295597.0
394669,44,"Hartford, CT",Msa,CT,283233.0,289900.0,299933.0,308300.0,314667.0,317667.0,315967.0,309600.0,303233.0,299900.0,299900.0,299900.0,299900.0,299900.0,302933.0,309300.0,316000.0,321300.0,320633.0,317267.0,312267.0,308600.0,305267.0,301933.0,299900.0,302267.0,310600.0,318967.0,329967.0,340000.0,354967.0,361633.0,360800.0,356467.0,353100.0,352067.0,353067.0,366100.0,382600.0,395633.0,395633.0,382633.0,367600.0
395022,45,"Richmond, VA",Msa,VA,304639.0,304656.0,312584.0,324683.0,335006.0,337764.0,337764.0,334334.0,330887.0,325699.0,320190.0,315002.0,311555.0,313635.0,323959.0,337419.0,347742.0,351189.0,351362.0,347846.0,342693.0,335954.0,330870.0,329129.0,330598.0,335652.0,342577.0,351450.0,361906.0,373574.0,382174.0,387106.0,385783.0,384891.0,385703.0,388150.0,391467.0,394633.0,397983.0,398300.0,394750.0,387417.0,378783.0
394910,46,"New Orleans, LA",Msa,LA,253133.0,249933.0,252933.0,259300.0,267333.0,271788.0,272088.0,270422.0,267967.0,266300.0,263300.0,261600.0,259633.0,261300.0,266000.0,271333.0,276300.0,278233.0,279233.0,277600.0,276000.0,275000.0,274667.0,272833.0,270833.0,269333.0,271167.0,274833.0,281333.0,287300.0,293933.0,300933.0,305633.0,308667.0,306900.0,306533.0,303500.0,301933.0,304967.0,315000.0,328333.0,336333.0,336300.0
394425,47,"Buffalo, NY",Msa,NY,155120.0,156931.0,162971.0,170520.0,176589.0,179609.0,181118.0,180364.0,179790.0,176770.0,173298.0,167832.0,165598.0,166775.0,171335.0,176589.0,182629.0,186856.0,189876.0,186856.0,183806.0,179307.0,174808.0,171818.0,169614.0,171094.0,174385.0,178099.0,187158.0,196247.0,203796.0,203796.0,200475.0,199199.0,199430.0,199933.0,199933.0,208300.0,221667.0,239967.0,248300.0,251600.0,246600.0
395012,48,"Raleigh, NC",Msa,NC,358986.0,360686.0,367467.0,376633.0,383300.0,384167.0,382467.0,379100.0,374900.0,368124.0,362824.0,357857.0,356300.0,357133.0,364467.0,375830.0,385297.0,387963.0,384267.0,379300.0,375967.0,373333.0,369666.0,364633.0,361267.0,363263.0,369930.0,374630.0,380714.0,386747.0,395381.0,400633.0,402967.0,402333.0,397667.0,395333.0,394561.0,397894.0,401861.0,409674.0,417974.0,423008.0,426633.0
394388,49,"Birmingham, AL",Msa,AL,208300.0,209933.0,216900.0,228233.0,238100.0,242974.0,243841.0,242341.0,239833.0,235600.0,232233.0,229867.0,229900.0,233267.0,239967.0,249967.0,259933.0,266767.0,272433.0,272467.0,273633.0,272967.0,272933.0,269933.0,266633.0,266500.0,268167.0,269800.0,274600.0,279600.0,284600.0,283267.0,279598.0,276598.0,275298.0,277267.0,278600.0,281567.0,283400.0,289100.0,293433.0,294967.0,290933.0
395053,50,"Salt Lake City, UT",Msa,UT,418994.0,420369.0,428035.0,438187.0,447312.0,449797.0,450147.0,448747.0,446262.0,438911.0,432584.0,429084.0,429399.0,433696.0,440714.0,453000.0,463781.0,470800.0,469399.0,465199.0,459507.0,455657.0,456007.0,459948.0,468696.0,480207.0,492108.0,493019.0,492800.0,496301.0,510795.0,519105.0,521905.0,517004.0,518720.0,526771.0,"","","","","","",""
395031,51,"Rochester, NY",Msa,NY,187208.0,194155.0,204412.0,215360.0,222962.0,226927.0,223653.0,217324.0,210377.0,206340.0,201757.0,201430.0,205831.0,218561.0,231655.0,245476.0,250969.0,252787.0,250932.0,247259.0,238857.0,227945.0,217979.0,211796.0,211796.0,221798.0,238198.0,256385.0,267260.0,272683.0,273443.0,272716.0,265114.0,256024.0,247695.0,253478.0,260880.0,272842.0,276433.0,276433.0,265967.0,256600.0,248267.0
394640,52,"Grand Rapids, MI",Msa,MI,263233.0,274850.0,288183.0,300550.0,307267.0,310600.0,306267.0,298133.0,288133.0,283433.0,283233.0,286567.0,288267.0,293267.0,301633.0,313267.0,319933.0,319900.0,314600.0,307933.0,302633.0,296267.0,292600.0,289267.0,292300.0,299300.0,309600.0,319767.0,326433.0,333133.0,336633.0,339967.0,336633.0,329933.0,324933.0,323600.0,328044.0,336378.0,344344.0,351600.0,357267.0,359767.0,361433.0
395167,53,"Tucson, AZ",Msa,AZ,266633.0,269967.0,276300.0,282500.0,287467.0,287633.0,286467.0,286167.0,287967.0,289233.0,287900.0,286433.0,286500.0,289833.0,294667.0,301333.0,306000.0,305967.0,302633.0,299300.0,299000.0,299000.0,299000.0,298967.0,299267.0,302900.0,308267.0,308761.0,312061.0,320061.0,336233.0,346267.0,344733.0,338033.0,334577.0,336410.0,343110.0,351263.0,366297.0,381330.0,391667.0,395385.0,393385.0
753924,54,"Urban Honolulu, HI",Msa,HI,881689.0,891087.0,888918.0,877351.0,867952.0,866506.0,866867.0,867193.0,872615.0,871169.0,867590.0,860360.0,862127.0,863935.0,861766.0,853492.0,849877.0,853492.0,861806.0,866867.0,866867.0,872290.0,881689.0,892172.0,895787.0,901209.0,900667.0,895245.0,888015.0,891810.0,906270.0,933563.0,956337.0,974376.0,975641.0,981787.0,"","","","","","",""
395169,55,"Tulsa, OK",Msa,OK,198602.0,199893.0,203860.0,209842.0,214375.0,215477.0,214218.0,212833.0,212486.0,212455.0,212455.0,212329.0,212990.0,216139.0,222593.0,229803.0,237359.0,239563.0,240539.0,237705.0,239909.0,242113.0,246206.0,247749.0,246961.0,246804.0,250141.0,256438.0,264781.0,272653.0,280508.0,283971.0,284916.0,286025.0,287406.0,288000.0,289167.0,291633.0,307163.0,317997.0,328030.0,316633.0,304963.0
394619,56,"Fresno, CA",Msa,CA,326646.0,324967.0,324967.0,328300.0,334633.0,337667.0,339000.0,335967.0,331300.0,326633.0,324833.0,323167.0,320833.0,319300.0,321466.0,328633.0,338633.0,349467.0,356300.0,356333.0,353333.0,349667.0,346333.0,344666.0,343633.0,346633.0,351633.0,354680.0,361047.0,367447.0,378767.0,385733.0,387667.0,384667.0,383333.0,381633.0,384967.0,388133.0,394833.0,407833.0,423000.0,434667.0,433317.0
395238,57,"Worcester, MA",Msa,MA,312373.0,317616.0,324560.0,336746.0,347162.0,356919.0,361779.0,360043.0,356918.0,350287.0,345079.0,339177.0,337441.0,340184.0,351294.0,366605.0,381188.0,389868.0,389868.0,384660.0,374591.0,367994.0,364522.0,364487.0,364453.0,366189.0,376605.0,390492.0,406116.0,420004.0,430420.0,432156.0,425212.0,414796.0,409588.0,409623.0,"","","","","","",""
394415,58,"Stamford, CT",Msa,CT,812334.0,859416.0,914177.0,939016.0,944285.0,931865.0,920198.0,892310.0,870858.0,858061.0,852077.0,850195.0,849819.0,867131.0,885573.0,899122.0,893100.0,874282.0,853206.0,832507.0,823474.0,820087.0,821969.0,827238.0,832469.0,853545.0,872363.0,887831.0,900628.0,923209.0,947673.0,964947.0,961184.0,960807.0,954823.0,962351.0,967822.0,1046626.0,1110000.0,1151667.0,1118333.0,1045000.0,966833.0
394312,59,"Albuquerque, NM",Msa,NM,248300.0,248667.0,252967.0,259933.0,266600.0,269933.0,266633.0,263233.0,258267.0,258100.0,257833.0,259167.0,259300.0,262933.0,269600.0,277800.0,282833.0,285833.0,287333.0,287667.0,286667.0,285333.0,284833.0,284163.0,285830.0,292663.0,301667.0,310000.0,318333.0,331333.0,343000.0,349667.0,350000.0,346333.0,341333.0,336333.0,338333.0,341667.0,351497.0,358163.0,368163.0,371667.0,374997.0
394308,60,"Albany, NY",Msa,NY,228001.0,232207.0,236691.0,238429.0,239437.0,242600.0,246389.0,249553.0,248162.0,247849.0,248162.0,249170.0,247780.0,247780.0,250248.0,255427.0,258903.0,260642.0,262414.0,262102.0,259668.0,256505.0,255810.0,256470.0,255775.0,256470.0,261372.0,266968.0,274233.0,284662.0,297836.0,304789.0,"","","",293039.0,"","","","","","",""
394938,61,"Omaha, NE",Msa,NE,275161.0,283167.0,291506.0,301846.0,307150.0,307667.0,304031.0,300629.0,297443.0,291239.0,284619.0,282151.0,284986.0,294073.0,307549.0,320258.0,326230.0,324562.0,321894.0,317447.0,310443.0,300102.0,291906.0,288871.0,291673.0,300179.0,309552.0,315863.0,319999.0,324002.0,328399.0,328399.0,324229.0,320800.0,317918.0,319621.0,321272.0,328877.0,336267.0,343133.0,344667.0,336598.0,324931.0
394908,62,"New Haven, CT",Msa,CT,281596.0,287946.0,299979.0,313346.0,321252.0,326046.0,325380.0,322205.0,317124.0,312362.0,307599.0,299979.0,295217.0,296518.0,304424.0,313949.0,319030.0,320649.0,317188.0,312394.0,306044.0,302868.0,301313.0,301281.0,300011.0,302836.0,309218.0,316839.0,328269.0,342525.0,358686.0,365036.0,360273.0,353145.0,348858.0,346000.0,345967.0,349633.0,364967.0,381333.0,394333.0,395967.0,389300.0
394357,63,"Bakersfield, CA",Msa,CA,248441.0,251595.0,257680.0,264052.0,267270.0,267589.0,267302.0,264116.0,259337.0,254558.0,251372.0,249747.0,246880.0,246848.0,248473.0,256158.0,262243.0,266703.0,266952.0,265661.0,262762.0,258015.0,254845.0,253284.0,254845.0,257872.0,262619.0,265104.0,266537.0,268130.0,272049.0,278739.0,286720.0,294685.0,298190.0,294064.0,288706.0,286256.0,291600.0,301600.0,313300.0,321633.0,326467.0
394753,64,"Knoxville, TN",Msa,TN,255627.0,254205.0,257413.0,266897.0,276507.0,282545.0,280964.0,274484.0,266897.0,260606.0,256339.0,254726.0,253146.0,253778.0,256939.0,264842.0,274673.0,280995.0,284125.0,283809.0,280648.0,274778.0,267476.0,261185.0,257571.0,259152.0,268319.0,277803.0,286338.0,296106.0,310363.0,321743.0,320194.0,314467.0,306038.0,301469.0,296469.0,296169.0,301333.0,322667.0,341333.0,354633.0,348267.0
394653,65,"Greenville, SC",Msa,SC,258644.0,260367.0,265036.0,270989.0,276284.0,279135.0,279448.0,277028.0,271075.0,266062.0,262843.0,261276.0,260023.0,260054.0,266119.0,273921.0,280156.0,281297.0,277412.0,272712.0,267072.0,265233.0,264287.0,263159.0,262335.0,264848.0,270018.0,272837.0,275970.0,281328.0,288065.0,290916.0,289631.0,288838.0,287190.0,284646.0,281797.0,283363.0,290128.0,306461.0,318061.0,333963.0,340600.0
394952,66,"Ventura, CA",Msa,CA,832967.0,836300.0,836267.0,842933.0,829933.0,816600.0,799633.0,791300.0,774333.0,757667.0,742667.0,734667.0,731333.0,739667.0,753000.0,766633.0,781300.0,798633.0,811966.0,821966.0,832633.0,842333.0,844333.0,849667.0,858300.0,879933.0,901267.0,901300.0,901000.0,903000.0,928000.0,948000.0,953000.0,952667.0,946000.0,961667.0,"","","","","","",""
394318,67,"Allentown, PA",Msa,PA,223292.0,223292.0,226625.0,233300.0,239933.0,244600.0,247300.0,245333.0,239000.0,232967.0,228967.0,227300.0,225633.0,226633.0,231600.0,238300.0,244933.0,249933.0,254600.0,254600.0,252933.0,249583.0,247917.0,245950.0,244600.0,247933.0,257233.0,265567.0,272267.0,274967.0,281633.0,286933.0,290233.0,291933.0,291600.0,293133.0,294767.0,308100.0,319900.0,328267.0,328267.0,326600.0,323233.0
394561,68,"El Paso, TX",Msa,TX,182471.0,182525.0,182686.0,183318.0,184413.0,186226.0,188829.0,190984.0,192043.0,191863.0,191881.0,192976.0,195651.0,198505.0,201000.0,202975.0,205488.0,207463.0,207642.0,206224.0,206044.0,206583.0,209061.0,208719.0,208540.0,206590.0,206770.0,206052.0,207140.0,209276.0,212866.0,214841.0,215577.0,216106.0,"","","",232342.0,234950.0,237520.0,242853.0,248703.0,252467.0
394367,69,"Baton Rouge, LA",Msa,LA,240323.0,239657.0,242690.0,247967.0,254467.0,258100.0,258133.0,254967.0,251667.0,249967.0,249933.0,249767.0,249767.0,249800.0,251633.0,256000.0,261967.0,265300.0,264267.0,259933.0,254900.0,251597.0,249960.0,249960.0,249930.0,251267.0,254600.0,257933.0,261567.0,264900.0,269900.0,274233.0,277659.0,279359.0,279726.0,279633.0,279600.0,281600.0,287967.0,298000.0,308300.0,313633.0,313633.0
394521,70,"Dayton, OH",Msa,OH,139368.0,137023.0,141926.0,145514.0,152619.0,158055.0,165124.0,166901.0,165089.0,161536.0,159049.0,157309.0,156456.0,157024.0,162318.0,169423.0,178447.0,185552.0,194433.0,198341.0,196600.0,190334.0,184649.0,180919.0,177416.0,179228.0,191804.0,204203.0,216282.0,220385.0,220420.0,217188.0,213084.0,213866.0,214483.0,212967.0,211100.0,214433.0,216600.0,220963.0,225630.0,231960.0,232960.0
394843,71,"McAllen, TX",Msa,TX,195967.0,194967.0,195000.0,195333.0,196333.0,197333.0,198333.0,198667.0,199300.0,197967.0,196633.0,195000.0,195000.0,197500.0,200833.0,205800.0,208967.0,211967.0,212000.0,211300.0,208300.0,207133.0,206500.0,207583.0,207067.0,206033.0,203283.0,201633.0,203333.0,210000.0,218333.0,224667.0,230028.0,234694.0,237055.0,234694.0,231361.0,232633.0,238963.0,245630.0,248997.0,253000.0,256667.0
394486,72,"Columbia, SC",Msa,SC,193001.0,194259.0,198993.0,207791.0,215679.0,222270.0,223878.0,222301.0,220724.0,219460.0,222613.0,224222.0,228009.0,229555.0,232393.0,235830.0,237439.0,237754.0,234150.0,230681.0,226896.0,224383.0,221513.0,218990.0,219044.0,222229.0,227590.0,232015.0,235796.0,238319.0,241882.0,245667.0,246336.0,246008.0,246054.0,248267.0,249900.0,252867.0,257900.0,264533.0,269667.0,273300.0,278333.0
394648,73,"Greensboro, NC",Msa,NC,199900.0,204900.0,213233.0,225233.0,235567.0,240567.0,246933.0,253267.0,259933.0,261567.0,258233.0,254900.0,253920.0,257120.0,265453.0,274133.0,282633.0,284000.0,281300.0,274467.0,271433.0,268133.0,266600.0,264933.0,263267.0,263300.0,265000.0,266633.0,273297.0,282597.0,292797.0,297767.0,293433.0,286267.0,275467.0,269133.0,267133.0,264300.0,268333.0,274997.0,281963.0,282597.0,286267.0
394304,74,"Akron, OH",Msa,OH,144933.0,141600.0,143233.0,149767.0,159767.0,168133.0,173267.0,172600.0,167600.0,162600.0,158267.0,154900.0,151567.0,151567.0,154900.0,159933.0,167892.0,174589.0,179556.0,178263.0,173900.0,168767.0,162133.0,156467.0,149967.0,149967.0,154967.0,163267.0,171600.0,179933.0,186600.0,189900.0,186567.0,183233.0,176267.0,169600.0,161267.0,159900.0,166267.0,177933.0,187691.0,191325.0,189991.0
753906,75,"North Port-Sarasota-Bradenton, FL",Msa,FL,370167.0,372167.0,374750.0,376417.0,378067.0,378317.0,379950.0,378267.0,374267.0,369300.0,364330.0,361663.0,362997.0,368000.0,374633.0,381300.0,386267.0,389633.0,388300.0,384967.0,379967.0,378267.0,379967.0,382633.0,384300.0,384300.0,384388.0,379388.0,375477.0,375940.0,382427.0,387935.0,391383.0,393263.0,393333.0,394685.0,"","","","","","",""
394798,76,"Little Rock, AR",Msa,AR,168205.0,170989.0,172519.0,175271.0,177107.0,178636.0,178026.0,176466.0,174936.0,174936.0,174964.0,174964.0,174321.0,174324.0,177108.0,180810.0,188459.0,193354.0,197331.0,197331.0,195801.0,194271.0,192436.0,191671.0,191365.0,192283.0,196077.0,199442.0,204337.0,205897.0,207396.0,206157.0,207381.0,209110.0,213092.0,214107.0,215239.0,214708.0,221933.0,226933.0,231600.0,231600.0,232433.0
395134,77,"Stockton, CA",Msa,CA,370971.0,373409.0,371805.0,374692.0,376617.0,383001.0,383289.0,383290.0,380114.0,376938.0,373730.0,373409.0,371805.0,371805.0,374660.0,387492.0,401928.0,415434.0,423454.0,429870.0,432757.0,430867.0,430547.0,430835.0,430338.0,429055.0,429087.0,431474.0,435965.0,445557.0,455180.0,468173.0,473017.0,475247.0,469469.0,467865.0,469986.0,480524.0,486633.0,494967.0,503300.0,523333.0,548333.0
394457,78,"Charleston, SC",Msa,SC,362797.0,366273.0,370961.0,377041.0,381128.0,384152.0,385665.0,381128.0,373565.0,365973.0,362646.0,361133.0,360861.0,365701.0,376258.0,388357.0,395889.0,398914.0,394679.0,387117.0,378042.0,373203.0,368696.0,365671.0,362948.0,366548.0,374140.0,378677.0,384909.0,389295.0,398339.0,403633.0,406808.0,408901.0,410845.0,415028.0,419025.0,424297.0,433993.0,446663.0,466329.0,479333.0,480865.0
395143,79,"Syracuse, NY",Msa,NY,134130.0,136248.0,140722.0,146687.0,150535.0,152026.0,152354.0,153249.0,153249.0,152921.0,151757.0,150296.0,150027.0,151787.0,156231.0,162465.0,168430.0,172934.0,174426.0,172666.0,170846.0,167864.0,166641.0,165448.0,165448.0,167834.0,172308.0,179496.0,186088.0,193544.0,198317.0,199778.0,199778.0,200668.0,200047.0,197933.0,193233.0,198233.0,208267.0,224933.0,234967.0,241600.0,238267.0
394484,80,"Colorado Springs, CO",Msa,CO,480076.0,479311.0,476011.0,472422.0,469560.0,456904.0,442399.0,427858.0,418793.0,416617.0,414840.0,416617.0,422237.0,431629.0,446134.0,453532.0,460458.0,464846.0,475724.0,479350.0,478444.0,473041.0,474818.0,474963.0,474963.0,473186.0,478625.0,484065.0,492913.0,498026.0,503828.0,500419.0,491716.0,480475.0,475672.0,473859.0,"","","","","","",""
395235,81,"Winston-Salem, NC",Msa,NC,216583.0,218880.0,222063.0,223763.0,224833.0,226667.0,234967.0,246300.0,254300.0,254300.0,251267.0,249440.0,249468.0,252818.0,261612.0,272917.0,282933.0,287933.0,289933.0,288267.0,287600.0,285967.0,283533.0,279200.0,275863.0,279910.0,284943.0,287947.0,291300.0,297967.0,307809.0,310842.0,307476.0,299900.0,291867.0,285500.0,283567.0,283567.0,288055.0,291522.0,296222.0,298100.0,303173.0
395224,82,"Wichita, KS",Msa,KS,178425.0,184592.0,193800.0,204467.0,209833.0,210467.0,208383.0,205050.0,202717.0,200633.0,196433.0,193100.0,192717.0,196083.0,204283.0,213133.0,222967.0,228100.0,226467.0,223267.0,219800.0,219767.0,218133.0,211821.0,205154.0,202454.0,210600.0,220670.0,235037.0,251031.0,264565.0,269399.0,"","","",232348.0,232348.0,240715.0,253402.0,260235.0,255235.0,243500.0,233333.0
395115,83,"Springfield, MA",Msa,MA,242305.0,245136.0,250703.0,262523.0,272134.0,278324.0,276738.0,270517.0,262772.0,256551.0,253440.0,248744.0,245509.0,243363.0,248059.0,259692.0,274281.0,286691.0,287624.0,284514.0,279848.0,276769.0,270575.0,264074.0,260960.0,264043.0,278169.0,293694.0,312077.0,320035.0,329367.0,332757.0,332757.0,330778.0,323833.0,318267.0,311800.0,316767.0,328800.0,350300.0,359333.0,360333.0,348333.0
394440,84,"Fort Myers, FL",Msa,FL,255943.0,258480.0,258480.0,258480.0,258474.0,257459.0,255962.0,253177.0,250640.0,249245.0,248256.0,246987.0,246074.0,246835.0,249118.0,249144.0,248382.0,247241.0,245718.0,242928.0,240467.0,240696.0,243461.0,247291.0,251122.0,256222.0,261068.0,262083.0,263326.0,267385.0,275111.0,279424.0,279424.0,278295.0,277813.0,276544.0,"","","","","","",""
394399,85,"Boise City, ID",Msa,ID,325930.0,342597.0,348233.0,354292.0,356158.0,361192.0,360133.0,354963.0,351596.0,348293.0,344930.0,341597.0,339930.0,343263.0,351630.0,365933.0,379267.0,386955.0,387622.0,384288.0,379933.0,373963.0,370001.0,368318.0,372288.0,378950.0,387600.0,392933.0,396900.0,401597.0,410627.0,417327.0,423963.0,429600.0,442930.0,452097.0,460304.0,468506.0,482705.0,504832.0,528092.0,550755.0,560119.0
395160,86,"Toledo, OH",Msa,OH,126567.0,124900.0,128233.0,133233.0,141233.0,145933.0,147933.0,144933.0,141900.0,139900.0,138267.0,136933.0,135283.0,136917.0,144250.0,156767.0,171767.0,178800.0,179300.0,174300.0,167967.0,163267.0,159633.0,157933.0,155933.0,153600.0,153633.0,158233.0,170867.0,184200.0,194933.0,202867.0,203167.0,200533.0,187467.0,178500.0,171133.0,174600.0,179900.0,183233.0,181600.0,179933.0,179933.0
394816,87,"Madison, WI",Msa,WI,306267.0,316267.0,329600.0,338233.0,341567.0,341567.0,338267.0,334800.0,329833.0,326167.0,322967.0,322933.0,324900.0,334900.0,343267.0,349933.0,349933.0,349900.0,349900.0,349067.0,347100.0,343800.0,341300.0,340800.0,344133.0,354133.0,363267.0,371567.0,374233.0,377400.0,377400.0,373067.0,364933.0,359967.0,358300.0,364400.0,371033.0,379033.0,381233.0,381267.0,384967.0,388300.0,391600.0
394766,88,"Lakeland, FL",Msa,FL,229077.0,230432.0,231757.0,235145.0,237339.0,239338.0,240185.0,239343.0,237310.0,233380.0,230673.0,230334.0,231012.0,232197.0,232536.0,233753.0,236582.0,238615.0,239804.0,239177.0,238872.0,238872.0,238308.0,238142.0,238142.0,240062.0,241888.0,242227.0,241952.0,241986.0,245523.0,249491.0,252876.0,254342.0,255303.0,257233.0,260233.0,263263.0,269630.0,279997.0,292233.0,303200.0,308500.0
394931,89,"Ogden, UT",Msa,UT,342546.0,351077.0,364780.0,375811.0,382697.0,384410.0,385403.0,382834.0,379374.0,373892.0,371289.0,372779.0,378260.0,385146.0,392431.0,400961.0,404387.0,402498.0,395646.0,391844.0,386362.0,376633.0,370124.0,370432.0,381224.0,391535.0,398421.0,400785.0,407602.0,421306.0,439930.0,448494.0,451577.0,451048.0,458693.0,466133.0,"","","","","","",""
394528,90,"Daytona Beach, FL",Msa,FL,268638.0,269771.0,271738.0,274100.0,278300.0,283000.0,286333.0,284666.0,281333.0,277966.0,275053.0,272473.0,270973.0,272220.0,275128.0,281628.0,286629.0,289633.0,288000.0,284633.0,280633.0,277633.0,276667.0,277233.0,278133.0,280767.0,284200.0,284350.0,284217.0,283850.0,288967.0,290918.0,294284.0,295451.0,298633.0,299267.0,299930.0,304963.0,313163.0,326167.0,336167.0,344333.0,347967.0
394531,91,"Des Moines, IA",Msa,IA,288142.0,291469.0,297397.0,302337.0,306289.0,307604.0,307571.0,305233.0,301283.0,297990.0,295882.0,293906.0,292786.0,293247.0,296858.0,300210.0,301528.0,300237.0,297049.0,292438.0,287121.0,279872.0,273648.0,269725.0,270223.0,274800.0,279810.0,284223.0,288208.0,292178.0,296009.0,295350.0,292599.0,289459.0,288096.0,289155.0,290238.0,293647.0,297787.0,306670.0,315800.0,324950.0,330483.0
394711,92,"Jackson, MS",Msa,MS,233604.0,232848.0,233667.0,236814.0,240275.0,243548.0,243548.0,241629.0,237097.0,232691.0,229576.0,226901.0,226554.0,228285.0,231401.0,237569.0,242132.0,247167.0,247293.0,247262.0,245059.0,244744.0,244186.0,246090.0,247978.0,250110.0,251070.0,252643.0,258811.0,268253.0,280841.0,287575.0,289778.0,288885.0,288951.0,287967.0,284633.0,281600.0,276600.0,276300.0,277967.0,277967.0,276633.0
394352,94,"Augusta, GA",Msa,GA,221117.0,223417.0,226750.0,230567.0,233567.0,235267.0,233600.0,230467.0,227133.0,225467.0,223833.0,222600.0,221933.0,222033.0,224933.0,230550.0,236550.0,238183.0,237933.0,237045.0,238012.0,236662.0,235426.0,233793.0,233475.0,233967.0,236300.0,240967.0,247633.0,254300.0,256633.0,258310.0,260010.0,261643.0,258297.0,253297.0,250963.0,254267.0,260900.0,269900.0,280410.0,287077.0,292110.0
394666,96,"Harrisburg, PA",Msa,PA,208402.0,211069.0,220291.0,229587.0,240660.0,244364.0,245068.0,242142.0,241623.0,240512.0,236031.0,230994.0,227698.0,228809.0,230698.0,234401.0,238846.0,246253.0,253660.0,258845.0,258845.0,256956.0,255475.0,255068.0,254290.0,256142.0,260956.0,266571.0,271200.0,275830.0,280067.0,280845.0,278845.0,277558.0,271487.0,265667.0,261033.0,266367.0,277633.0,289333.0,297333.0,289633.0,276267.0
395006,100,"Provo, UT",Msa,UT,397711.0,407958.0,419382.0,422515.0,417284.0,409322.0,406171.0,407075.0,405690.0,402228.0,394578.0,391116.0,391116.0,396170.0,404479.0,411402.0,414691.0,415003.0,417080.0,420853.0,420888.0,418499.0,414726.0,414691.0,417266.0,426232.0,434921.0,439581.0,441658.0,450313.0,466269.0,484962.0,502237.0,510514.0,515734.0,515734.0,520473.0,519056.0,521000.0,530000.0,553967.0,573617.0,583583.0
394602,159,"Fort Collins, CO",Msa,CO,459351.0,462640.0,465564.0,467802.0,471059.0,473834.0,470617.0,465976.0,461088.0,457358.0,453858.0,448976.0,446120.0,443741.0,446440.0,449404.0,454867.0,455424.0,452975.0,446602.0,443346.0,442831.0,444492.0,443863.0,445524.0,452037.0,464064.0,473834.0,480347.0,483604.0,486828.0,488098.0,485247.0,480394.0,477496.0,477299.0,"","","","","","",""
