RegionID,SizeRank,RegionName,RegionType,StateName,2017-11-30,2017-12-31,2018-01-31,2018-02-28,2018-03-31,2018-04-30,2018-05-31,2018-06-30,2018-07-31,2018-08-31,2018-09-30,2018-10-31,2018-11-30,2018-12-31,2019-01-31,2019-02-28,2019-03-31,2019-04-30,2019-05-31,2019-06-30,2019-07-31,2019-08-31,2019-09-30,2019-10-31,2019-11-30,2019-12-31,2020-01-31,2020-02-29,2020-03-31,2020-04-30,2020-05-31,2020-06-30,2020-07-31,2020-08-31,2020-09-30,2020-10-31,2020-11-30,2020-12-31,2021-01-31,2021-02-28,2021-03-31,2021-04-30,2021-05-31,2021-06-30,2021-07-31
102001,0,United States,Country,"",1534976.0,1373507.0,1380161.0,1407166.0,1545312.0,1642097.0,1713239.0,1767043.0,1796352.0,1787536.0,1734035.0,1735215.0,1616812.0,1443167.0,1470995.0,1471332.0,1583308.0,1670821.0,1748952.0,1798899.0,1805224.0,1780884.0,1741963.0,1714477.0,1559131.0,1392061.0,1402463.0,1408279.0,1468816.0,1364680.0,1472658.0,1465528.0,1437096.0,1381410.0,1327391.0,1312714.0,1145193.0,997704.0,1028013.0,902238.0,959499.0,972536.0,1008933.0,1051409.0,1107924.0
394913,1,"New York, NY",Msa,NY,75038.0,66096.0,65872.0,73757.0,79690.0,86716.0,91845.0,93326.0,93033.0,90299.0,89533.0,90531.0,83413.0,73743.0,74724.0,76667.0,84748.0,92203.0,97178.0,98684.0,96880.0,92588.0,93307.0,90774.0,81975.0,72121.0,71398.0,74561.0,78713.0,64382.0,69290.0,77539.0,82779.0,81034.0,81624.0,79908.0,70831.0,61618.0,59822.0,57779.0,59259.0,61688.0,64306.0,66652.0,66266.0
753899,2,"Los Angeles-Long Beach-Anaheim, CA",Msa,CA,22301.0,18216.0,19762.0,21821.0,24101.0,25528.0,27723.0,28881.0,30626.0,30908.0,30488.0,31281.0,29336.0,25190.0,26390.0,26866.0,29116.0,30249.0,31902.0,31858.0,32323.0,31424.0,30238.0,29398.0,25296.0,20595.0,21082.0,22140.0,22224.0,20131.0,23401.0,25202.0,26266.0,26322.0,26350.0,26215.0,23111.0,19383.0,19432.0,19343.0,20825.0,20446.0,20713.0,21168.0,22212.0
394463,3,"Chicago, IL",Msa,IL,47815.0,40441.0,40195.0,42790.0,51338.0,53878.0,56429.0,58471.0,59569.0,59349.0,57935.0,57322.0,51165.0,43597.0,43313.0,45855.0,52630.0,58242.0,60551.0,62144.0,62313.0,61997.0,61167.0,59196.0,52293.0,44847.0,44934.0,48174.0,50335.0,44629.0,49276.0,51908.0,52162.0,51180.0,49239.0,48377.0,41576.0,34711.0,34560.0,30538.0,33468.0,35531.0,37882.0,39886.0,41662.0
394514,4,"Dallas-Fort Worth, TX",Msa,TX,26692.0,23288.0,22853.0,23457.0,26714.0,30075.0,31832.0,33966.0,35953.0,35344.0,34123.0,33363.0,31637.0,28230.0,28957.0,29613.0,32872.0,34824.0,36911.0,40108.0,41013.0,40073.0,38390.0,37609.0,34831.0,31170.0,30985.0,32125.0,33234.0,31374.0,35055.0,34964.0,34035.0,31516.0,28733.0,30310.0,26407.0,22608.0,23007.0,19793.0,21370.0,22277.0,22807.0,23538.0,25367.0
394974,5,"Philadelphia, PA",Msa,PA,29933.0,25067.0,24471.0,25612.0,28146.0,31309.0,32526.0,31639.0,30478.0,29991.0,29434.0,30105.0,28390.0,24895.0,25104.0,25102.0,28045.0,30406.0,31068.0,31377.0,31922.0,29506.0,29107.0,28981.0,25836.0,22515.0,22170.0,22488.0,22744.0,18630.0,21475.0,23209.0,22774.0,21874.0,21143.0,21207.0,18627.0,15844.0,15989.0,14560.0,16693.0,17863.0,19087.0,19805.0,20572.0
394692,6,"Houston, TX",Msa,TX,34697.0,31814.0,32406.0,32176.0,36660.0,38583.0,40652.0,41692.0,42510.0,41964.0,39494.0,39423.0,37322.0,34551.0,36385.0,36388.0,39286.0,41095.0,42655.0,45911.0,46598.0,45762.0,43388.0,42604.0,40155.0,37601.0,38761.0,39585.0,40876.0,39087.0,41646.0,40265.0,39098.0,36567.0,34425.0,34461.0,30487.0,27903.0,29644.0,25953.0,27303.0,26260.0,26218.0,27216.0,28869.0
395209,7,"Washington, DC",Msa,DC,25428.0,21498.0,20246.0,21572.0,26237.0,30359.0,30460.0,26781.0,26612.0,25896.0,25616.0,26115.0,23246.0,18653.0,17755.0,18243.0,22124.0,24881.0,26646.0,26616.0,25743.0,24110.0,24507.0,24294.0,20872.0,16815.0,17180.0,17944.0,20430.0,18652.0,19907.0,19446.0,19700.0,18912.0,19276.0,19676.0,16756.0,13689.0,13969.0,13118.0,16185.0,18231.0,19524.0,20064.0,21312.0
394856,8,"Miami-Fort Lauderdale, FL",Msa,FL,59652.0,59117.0,63577.0,64493.0,68338.0,67427.0,65899.0,63728.0,63198.0,62564.0,62048.0,64734.0,64573.0,63503.0,69155.0,70450.0,72104.0,70700.0,69294.0,67329.0,66060.0,64070.0,62643.0,64358.0,63029.0,61524.0,65150.0,65311.0,64571.0,58883.0,61588.0,62418.0,60681.0,59106.0,59067.0,59513.0,56133.0,54382.0,54292.0,45431.0,42431.0,38687.0,37023.0,35372.0,34221.0
394347,9,"Atlanta, GA",Msa,GA,32128.0,28233.0,28902.0,28769.0,31580.0,33054.0,33622.0,36099.0,37531.0,36842.0,35474.0,36090.0,33555.0,30631.0,32203.0,35825.0,35718.0,37235.0,38766.0,40732.0,41406.0,41162.0,40528.0,40589.0,37258.0,34342.0,35576.0,35318.0,37312.0,36515.0,39193.0,37829.0,36306.0,34516.0,31892.0,32046.0,28122.0,24709.0,25701.0,22186.0,22892.0,22200.0,22069.0,23005.0,23874.0
394404,10,"Boston, MA",Msa,MA,12736.0,9711.0,9120.0,9658.0,11447.0,14003.0,16548.0,17059.0,16654.0,16168.0,17443.0,17877.0,15387.0,11936.0,11783.0,11860.0,14279.0,16235.0,18724.0,18936.0,17362.0,16170.0,17703.0,17463.0,14316.0,10532.0,9996.0,11068.0,12545.0,10931.0,13706.0,15357.0,14746.0,14274.0,14943.0,14479.0,11663.0,8613.0,8169.0,8038.0,10193.0,11084.0,11289.0,12065.0,10990.0
395057,11,"San Francisco, CA",Msa,CA,5690.0,3648.0,4035.0,5148.0,6556.0,7261.0,8196.0,8210.0,8094.0,8195.0,9067.0,9428.0,7865.0,5608.0,5689.0,6660.0,7968.0,8805.0,9672.0,9551.0,9287.0,8682.0,9553.0,9375.0,7185.0,4756.0,4792.0,6079.0,6380.0,5455.0,7690.0,8750.0,9308.0,9485.0,9962.0,10496.0,8379.0,6159.0,6125.0,7006.0,7931.0,8132.0,8291.0,8647.0,8976.0
394532,12,"Detroit, MI",Msa,MI,16956.0,14476.0,14097.0,13418.0,15194.0,16934.0,18545.0,19998.0,21285.0,22322.0,21794.0,21820.0,19832.0,17270.0,17117.0,16104.0,17336.0,18772.0,20687.0,22318.0,23523.0,24184.0,23936.0,23509.0,20818.0,18079.0,17639.0,17014.0,16744.0,13216.0,18383.0,18766.0,18531.0,18224.0,17100.0,16719.0,14031.0,11722.0,11579.0,10108.0,11178.0,11706.0,12972.0,14248.0,15660.0
395025,13,"Riverside, CA",Msa,CA,18294.0,16661.0,17579.0,18623.0,19608.0,20170.0,21108.0,21535.0,22172.0,22093.0,21822.0,22359.0,21687.0,19782.0,20697.0,20408.0,21503.0,21742.0,21615.0,21656.0,21712.0,21524.0,20792.0,20932.0,19293.0,17182.0,17722.0,17425.0,17049.0,15587.0,16651.0,15778.0,14648.0,14081.0,13721.0,14079.0,12255.0,10486.0,10585.0,9927.0,10570.0,10570.0,11261.0,11784.0,12584.0
394976,14,"Phoenix, AZ",Msa,AZ,26566.0,24276.0,26163.0,27232.0,29080.0,29254.0,28465.0,27259.0,25593.0,25424.0,25089.0,26288.0,26027.0,24242.0,27408.0,28404.0,30525.0,30504.0,29760.0,28161.0,25825.0,24863.0,23915.0,24678.0,23183.0,20870.0,22385.0,22749.0,24242.0,23191.0,23614.0,22214.0,20961.0,20654.0,21209.0,22637.0,20267.0,17487.0,17400.0,16861.0,17256.0,17832.0,17676.0,17832.0,18709.0
395078,15,"Seattle, WA",Msa,WA,9554.0,6865.0,6776.0,6723.0,8666.0,9880.0,12580.0,13651.0,14259.0,14883.0,15434.0,14953.0,12807.0,9710.0,9772.0,9010.0,11424.0,12289.0,15160.0,15980.0,15347.0,14648.0,14032.0,12702.0,9858.0,6998.0,6966.0,7544.0,9107.0,8913.0,10424.0,10929.0,11771.0,12484.0,12004.0,11717.0,8906.0,6616.0,6911.0,6747.0,8577.0,9288.0,9938.0,10300.0,10656.0
394865,16,"Minneapolis-St Paul, MN",Msa,MN,12349.0,9521.0,9124.0,9996.0,11921.0,13330.0,15451.0,16544.0,16638.0,16981.0,16522.0,15831.0,13404.0,10532.0,10037.0,10109.0,11681.0,13720.0,16201.0,17816.0,17568.0,17546.0,17354.0,16706.0,14127.0,11114.0,10469.0,11323.0,13399.0,12942.0,14605.0,14782.0,14867.0,14789.0,14444.0,14230.0,11076.0,8521.0,8565.0,8402.0,9608.0,10882.0,11694.0,12668.0,13106.0
395056,17,"San Diego, CA",Msa,CA,7080.0,5853.0,6414.0,6931.0,8017.0,8760.0,9339.0,9680.0,10461.0,10676.0,10510.0,10643.0,9990.0,8618.0,8999.0,8966.0,9692.0,10003.0,10477.0,10653.0,10810.0,10537.0,9777.0,9514.0,8140.0,6716.0,7103.0,7223.0,7504.0,7042.0,7932.0,7855.0,8010.0,7762.0,7429.0,7628.0,6336.0,5191.0,5297.0,5207.0,5759.0,5881.0,6279.0,6709.0,6964.0
395121,18,"St. Louis, MO",Msa,MO,14176.0,12411.0,12213.0,12358.0,13852.0,14667.0,15365.0,15840.0,16067.0,16015.0,15349.0,15564.0,14123.0,12231.0,11705.0,11265.0,12914.0,13761.0,14316.0,14656.0,14606.0,14488.0,14502.0,14690.0,13413.0,11545.0,11206.0,11158.0,12279.0,11002.0,11538.0,11490.0,11527.0,11057.0,11160.0,11225.0,9551.0,8234.0,8432.0,6679.0,7653.0,8194.0,8260.0,8790.0,9427.0
395148,19,"Tampa, FL",Msa,FL,18292.0,17205.0,19136.0,19124.0,20655.0,21384.0,20794.0,20594.0,20227.0,19921.0,19570.0,20391.0,20138.0,19199.0,21477.0,21548.0,22081.0,21140.0,20858.0,21323.0,20961.0,20208.0,19702.0,20190.0,19203.0,17678.0,19340.0,19275.0,19554.0,17962.0,18948.0,17508.0,16577.0,15675.0,14881.0,15905.0,14315.0,13149.0,13660.0,11959.0,11741.0,11122.0,11224.0,11411.0,11924.0
394358,20,"Baltimore, MD",Msa,MD,14455.0,12419.0,12082.0,12392.0,13908.0,15645.0,16111.0,15120.0,14904.0,14812.0,14351.0,14520.0,13642.0,11897.0,11497.0,11378.0,13271.0,14586.0,15264.0,15564.0,15318.0,14679.0,14728.0,14650.0,12941.0,11065.0,10803.0,10838.0,11535.0,10321.0,11087.0,10754.0,10375.0,9846.0,9874.0,9834.0,8227.0,6898.0,6881.0,6128.0,7052.0,7989.0,8579.0,8784.0,9507.0
394530,21,"Denver, CO",Msa,CO,12514.0,9334.0,10170.0,10750.0,12710.0,14582.0,16137.0,17605.0,17565.0,17811.0,17784.0,17635.0,15627.0,12333.0,13110.0,13336.0,15103.0,16965.0,19542.0,20639.0,20250.0,20405.0,19637.0,18461.0,15010.0,11503.0,11802.0,11950.0,14273.0,13293.0,17536.0,17317.0,16794.0,16039.0,14554.0,14219.0,10690.0,7933.0,7916.0,5923.0,6574.0,7446.0,8080.0,8819.0,9418.0
394982,22,"Pittsburgh, PA",Msa,PA,11681.0,10356.0,10162.0,10037.0,10823.0,11461.0,11873.0,12376.0,12366.0,12099.0,11510.0,11577.0,10618.0,9374.0,9389.0,9145.0,9869.0,10388.0,10805.0,11052.0,10608.0,10566.0,10634.0,10616.0,9681.0,8566.0,8747.0,8541.0,8176.0,6755.0,8866.0,9284.0,8997.0,8634.0,8725.0,8090.0,6946.0,5776.0,5879.0,5064.0,5678.0,6037.0,6555.0,6783.0,7405.0
394998,23,"Portland, OR",Msa,OR,8845.0,7042.0,7117.0,6861.0,7951.0,9453.0,10653.0,11688.0,12245.0,12454.0,12316.0,11861.0,10511.0,8829.0,8944.0,8561.0,9757.0,10644.0,12149.0,12732.0,12895.0,12743.0,12285.0,11389.0,9796.0,7924.0,8011.0,7998.0,9270.0,9070.0,10257.0,10157.0,10407.0,10135.0,9083.0,9203.0,7255.0,5689.0,6075.0,5502.0,6439.0,6943.0,7633.0,7844.0,8402.0
394458,24,"Charlotte, NC",Msa,NC,9719.0,8422.0,8709.0,9213.0,11047.0,11105.0,11660.0,12055.0,12246.0,12187.0,11275.0,11507.0,10642.0,9181.0,9900.0,10124.0,12031.0,11916.0,12855.0,13348.0,13680.0,13208.0,12934.0,13169.0,11354.0,9754.0,10501.0,10156.0,11192.0,10413.0,11290.0,10163.0,9744.0,9331.0,8902.0,9215.0,7840.0,6631.0,7443.0,6691.0,6915.0,6957.0,7209.0,7564.0,8022.0
395045,25,"Sacramento, CA",Msa,CA,6623.0,5282.0,5329.0,5589.0,6578.0,7352.0,8406.0,8869.0,9060.0,9555.0,9240.0,9139.0,8080.0,6593.0,6518.0,6345.0,6900.0,7817.0,8759.0,9166.0,9372.0,9534.0,9055.0,8512.0,7204.0,5686.0,5837.0,6176.0,6565.0,6446.0,7472.0,7535.0,7130.0,6810.0,6591.0,6744.0,5397.0,4207.0,3886.0,3896.0,4671.0,5056.0,5297.0,"",6062.0
395055,26,"San Antonio, TX",Msa,TX,12227.0,10844.0,11086.0,11823.0,12895.0,13610.0,13963.0,14271.0,14681.0,14695.0,13623.0,13528.0,13288.0,12293.0,12763.0,13019.0,14390.0,15025.0,15544.0,16802.0,17259.0,16908.0,16313.0,16289.0,15298.0,14525.0,14700.0,15011.0,15555.0,14812.0,15854.0,15588.0,14767.0,14025.0,13239.0,13285.0,11631.0,10509.0,10485.0,8358.0,8792.0,8354.0,8600.0,8459.0,8772.0
394943,27,"Orlando, FL",Msa,FL,12512.0,11563.0,12611.0,12545.0,13364.0,13947.0,13943.0,13851.0,14041.0,14179.0,14011.0,14386.0,13845.0,13076.0,14122.0,14221.0,14830.0,14649.0,14713.0,15330.0,15134.0,14504.0,14090.0,14533.0,13643.0,12628.0,13265.0,13279.0,13445.0,12527.0,13747.0,13741.0,13509.0,13163.0,12717.0,13252.0,11926.0,11036.0,11724.0,10213.0,10263.0,9149.0,9232.0,9184.0,9671.0
394466,28,"Cincinnati, OH",Msa,OH,8817.0,7712.0,7613.0,7661.0,8345.0,8838.0,9794.0,9868.0,10398.0,10474.0,10105.0,10193.0,9423.0,8077.0,8106.0,7893.0,8454.0,9026.0,9407.0,9823.0,9850.0,9779.0,9651.0,9414.0,8445.0,7182.0,7376.0,7020.0,7334.0,7016.0,7649.0,7583.0,7475.0,7309.0,7041.0,7013.0,6062.0,5235.0,5442.0,4457.0,5054.0,5089.0,5535.0,5791.0,6345.0
394475,29,"Cleveland, OH",Msa,OH,13148.0,11508.0,11349.0,11237.0,12501.0,13541.0,14242.0,14709.0,15195.0,14808.0,14320.0,14026.0,12861.0,11275.0,10868.0,11014.0,12232.0,13098.0,14096.0,14630.0,14849.0,14676.0,14271.0,13939.0,12501.0,11075.0,10255.0,9971.0,10652.0,9444.0,9983.0,10436.0,10554.0,10579.0,10333.0,9794.0,8603.0,7238.0,7157.0,4553.0,4935.0,5154.0,5730.0,6315.0,7070.0
394735,30,"Kansas City, MO",Msa,MO,10121.0,9002.0,8674.0,8770.0,10185.0,11094.0,12162.0,13259.0,12549.0,12627.0,12099.0,10692.0,9828.0,8599.0,8714.0,8454.0,9317.0,10244.0,10495.0,10599.0,10831.0,10707.0,10445.0,10463.0,9349.0,7884.0,7737.0,7691.0,8118.0,7684.0,8307.0,8011.0,7844.0,7499.0,7216.0,7644.0,6399.0,5473.0,5551.0,4510.0,5369.0,6141.0,6378.0,6796.0,7531.0
394775,31,"Las Vegas, NV",Msa,NV,12794.0,11551.0,11660.0,12273.0,13176.0,13395.0,9973.0,10159.0,13617.0,11349.0,12135.0,12474.0,12340.0,11652.0,12947.0,13273.0,14363.0,14467.0,15158.0,15361.0,15197.0,14996.0,14434.0,14101.0,12787.0,11352.0,11483.0,10931.0,11271.0,11093.0,12163.0,12117.0,11933.0,12105.0,12017.0,12062.0,10701.0,9549.0,8775.0,7858.0,7628.0,7439.0,7727.0,8083.0,8742.0
394492,32,"Columbus, OH",Msa,OH,6007.0,5024.0,4902.0,4771.0,5548.0,6134.0,7047.0,7435.0,7755.0,7918.0,7421.0,7534.0,6660.0,5448.0,5453.0,5121.0,5812.0,6161.0,7048.0,7352.0,7539.0,7650.0,7410.0,7426.0,6524.0,5434.0,5466.0,5096.0,5499.0,5332.0,5696.0,5691.0,5834.0,5652.0,5485.0,5962.0,4862.0,4004.0,4168.0,3579.0,4025.0,4489.0,4948.0,5241.0,5895.0
394705,33,"Indianapolis, IN",Msa,IN,8153.0,6903.0,6742.0,6793.0,7927.0,7918.0,7746.0,8456.0,8749.0,9029.0,8739.0,8996.0,8221.0,7039.0,6954.0,6661.0,7349.0,7789.0,8457.0,8997.0,9268.0,9472.0,9395.0,9371.0,8387.0,7294.0,7295.0,6943.0,7205.0,6657.0,7214.0,6997.0,6871.0,6764.0,6953.0,7361.0,6344.0,5317.0,5432.0,4569.0,5207.0,5597.0,5887.0,6214.0,6639.0
395059,34,"San Jose, CA",Msa,CA,1607.0,1074.0,1223.0,1647.0,2176.0,2437.0,2905.0,2888.0,3056.0,3135.0,3306.0,3384.0,2852.0,2000.0,2091.0,2526.0,2959.0,3345.0,3814.0,3802.0,3726.0,3488.0,3426.0,3275.0,2411.0,1600.0,1678.0,2100.0,2247.0,2130.0,2835.0,3012.0,3134.0,3155.0,3264.0,3441.0,2741.0,2109.0,2226.0,2494.0,3065.0,3131.0,3164.0,3207.0,3147.0
394355,35,"Austin, TX",Msa,TX,8050.0,6652.0,6710.0,7034.0,8218.0,9404.0,10090.0,10367.0,10539.0,10307.0,9491.0,9550.0,8943.0,7870.0,7901.0,7918.0,8832.0,9499.0,9917.0,10851.0,10926.0,10657.0,10307.0,9975.0,8848.0,7575.0,7954.0,7900.0,8705.0,8764.0,9896.0,9439.0,9265.0,8439.0,7859.0,8720.0,7156.0,6149.0,5931.0,5234.0,6955.0,7821.0,8452.0,8774.0,9641.0
395194,36,"Virginia Beach, VA",Msa,VA,12596.0,11678.0,11291.0,11452.0,12622.0,13335.0,13816.0,14195.0,13861.0,13524.0,12745.0,12726.0,11997.0,10887.0,11145.0,11152.0,12046.0,12826.0,13236.0,13248.0,13107.0,12651.0,12005.0,11599.0,10617.0,9597.0,9616.0,9822.0,10576.0,10070.0,10278.0,9895.0,9568.0,9133.0,8804.0,8668.0,7996.0,6975.0,6785.0,6119.0,6717.0,7633.0,7939.0,7929.0,8434.0
394902,37,"Nashville, TN",Msa,TN,9382.0,8408.0,8294.0,8479.0,9568.0,10349.0,11002.0,11776.0,11943.0,12200.0,12064.0,12181.0,11688.0,10671.0,10829.0,10719.0,11469.0,12178.0,12880.0,13461.0,13954.0,13404.0,13398.0,13729.0,12382.0,11236.0,11176.0,11108.0,11724.0,11557.0,12688.0,12818.0,12576.0,11913.0,11065.0,10952.0,9700.0,8349.0,"","","","","","",""
395005,38,"Providence, RI",Msa,RI,6872.0,5808.0,5270.0,5292.0,5743.0,6649.0,7492.0,8026.0,8272.0,8385.0,8336.0,8405.0,7502.0,6379.0,6018.0,5936.0,6399.0,7080.0,7786.0,7915.0,7743.0,7784.0,7866.0,7721.0,6773.0,5856.0,5592.0,5467.0,5719.0,5203.0,5704.0,5857.0,5896.0,5679.0,5564.0,5475.0,4765.0,3920.0,3748.0,2652.0,3099.0,3158.0,3442.0,3676.0,3873.0
394862,39,"Milwaukee, WI",Msa,WI,4758.0,3928.0,3731.0,3822.0,4382.0,4985.0,5643.0,5429.0,5567.0,5496.0,5261.0,5327.0,4712.0,3976.0,3736.0,3596.0,3881.0,4057.0,4540.0,4761.0,4828.0,4809.0,4731.0,4614.0,3967.0,3418.0,3085.0,3339.0,3784.0,3688.0,3940.0,4295.0,4527.0,4697.0,4692.0,4643.0,3995.0,3173.0,2765.0,2595.0,3066.0,3544.0,4252.0,5324.0,5602.0
394714,40,"Jacksonville, FL",Msa,FL,10089.0,9377.0,9847.0,10832.0,11790.0,12209.0,12449.0,12665.0,12933.0,12762.0,12258.0,12250.0,11883.0,10796.0,11590.0,12038.0,12858.0,13779.0,13455.0,13702.0,13392.0,12892.0,12356.0,12708.0,11828.0,11121.0,11540.0,12017.0,12519.0,11594.0,12004.0,11224.0,10586.0,9906.0,9051.0,9019.0,8186.0,7431.0,7386.0,6232.0,6333.0,6431.0,6462.0,6565.0,6965.0
394849,41,"Memphis, TN",Msa,TN,6099.0,5583.0,5507.0,5601.0,5916.0,6169.0,6565.0,6807.0,7022.0,7057.0,6686.0,6601.0,6246.0,6004.0,6028.0,6055.0,6426.0,6252.0,6308.0,6420.0,6436.0,6379.0,6217.0,6159.0,5711.0,5251.0,5293.0,5057.0,5190.0,4994.0,5157.0,4781.0,4675.0,4428.0,4239.0,4132.0,3772.0,3284.0,3241.0,3045.0,3501.0,3648.0,3980.0,4246.0,4457.0
394935,42,"Oklahoma City, OK",Msa,OK,8769.0,8120.0,8367.0,7996.0,8674.0,9007.0,9197.0,9307.0,9388.0,9053.0,8656.0,8498.0,8136.0,7366.0,7273.0,6928.0,7321.0,7894.0,7788.0,8309.0,8503.0,8412.0,7922.0,7785.0,7194.0,6586.0,6813.0,6578.0,6842.0,6695.0,7286.0,6908.0,6742.0,6448.0,6040.0,5987.0,5127.0,4459.0,4592.0,3709.0,4349.0,4167.0,4242.0,4630.0,5267.0
394807,43,"Louisville-Jefferson County, KY",Msa,KY,4975.0,4260.0,4237.0,4411.0,4820.0,4949.0,5364.0,5853.0,6064.0,6034.0,5950.0,6114.0,5743.0,5049.0,5091.0,4840.0,5323.0,5490.0,5718.0,5973.0,6096.0,6027.0,6130.0,6156.0,5530.0,4726.0,4891.0,4622.0,4675.0,4434.0,4684.0,4461.0,4395.0,4174.0,4182.0,4444.0,3909.0,3440.0,3530.0,2917.0,3314.0,3384.0,3542.0,3763.0,4245.0
394669,44,"Hartford, CT",Msa,CT,6590.0,5745.0,5314.0,4750.0,5431.0,6584.0,6750.0,7368.0,7048.0,6905.0,6874.0,6846.0,6142.0,5205.0,4969.0,4965.0,5537.0,6097.0,6711.0,6769.0,6755.0,6706.0,6609.0,6427.0,5712.0,4871.0,4713.0,4684.0,4922.0,4291.0,4773.0,4937.0,4868.0,4655.0,4857.0,4803.0,3998.0,3299.0,3048.0,2551.0,2997.0,3292.0,3481.0,3695.0,3728.0
395022,45,"Richmond, VA",Msa,VA,5493.0,4756.0,4616.0,4984.0,5609.0,6049.0,6248.0,6390.0,6256.0,6239.0,6009.0,6024.0,5494.0,4675.0,4684.0,4675.0,5182.0,5466.0,5961.0,6043.0,6012.0,5913.0,5895.0,6054.0,5381.0,4671.0,4827.0,4828.0,5224.0,5060.0,5090.0,4842.0,4695.0,4437.0,4470.0,4593.0,3948.0,3362.0,3381.0,3104.0,3628.0,3863.0,4158.0,4248.0,4395.0
394910,46,"New Orleans, LA",Msa,LA,3958.0,3714.0,3827.0,3898.0,4367.0,4429.0,4508.0,4592.0,4558.0,4328.0,4114.0,4197.0,3933.0,3668.0,3889.0,3857.0,4115.0,4293.0,4387.0,4817.0,4666.0,4697.0,4457.0,4275.0,3893.0,3596.0,3704.0,3524.0,3825.0,3553.0,3842.0,3546.0,3390.0,"",2863.0,2833.0,2620.0,2466.0,2568.0,2329.0,2456.0,2408.0,2423.0,2488.0,2780.0
394425,47,"Buffalo, NY",Msa,NY,3244.0,2647.0,2542.0,2416.0,2677.0,2932.0,3353.0,3465.0,3820.0,3846.0,3682.0,3630.0,3132.0,2621.0,2607.0,2425.0,2707.0,2941.0,3286.0,3588.0,3674.0,3676.0,3639.0,3538.0,3064.0,2514.0,2503.0,2355.0,2348.0,1913.0,2369.0,2850.0,2883.0,2930.0,2711.0,2524.0,2083.0,1617.0,1566.0,1416.0,1718.0,1811.0,2090.0,2301.0,2443.0
395012,48,"Raleigh, NC",Msa,NC,6917.0,5934.0,6191.0,6545.0,7258.0,7710.0,8188.0,8273.0,7793.0,7868.0,7295.0,7684.0,7155.0,6364.0,6900.0,6891.0,7483.0,7851.0,8452.0,9255.0,8800.0,8918.0,8735.0,8821.0,8174.0,7367.0,7830.0,7659.0,8236.0,7793.0,8103.0,7355.0,7139.0,6743.0,6170.0,6165.0,4931.0,4069.0,4030.0,3408.0,3493.0,3596.0,3254.0,3013.0,3310.0
394388,49,"Birmingham, AL",Msa,AL,6578.0,5902.0,6178.0,6356.0,6633.0,7094.0,7175.0,7309.0,7272.0,7218.0,6927.0,6854.0,6350.0,5624.0,5811.0,5731.0,6188.0,6429.0,6498.0,6890.0,6966.0,6855.0,6647.0,6376.0,5850.0,5278.0,5530.0,5418.0,5725.0,5403.0,5620.0,5559.0,5426.0,5234.0,5205.0,5178.0,4668.0,4183.0,4434.0,3974.0,3887.0,4023.0,3710.0,3846.0,4165.0
395053,50,"Salt Lake City, UT",Msa,UT,2833.0,2362.0,2569.0,2735.0,3088.0,3720.0,4300.0,4401.0,4643.0,5037.0,4943.0,5176.0,4799.0,3897.0,4050.0,3859.0,4387.0,4838.0,5216.0,5360.0,5253.0,5326.0,5042.0,4857.0,4128.0,3268.0,3266.0,3109.0,3781.0,4038.0,4401.0,4159.0,3934.0,3776.0,3459.0,3441.0,2614.0,2015.0,2097.0,1766.0,2375.0,2631.0,2672.0,2754.0,2998.0
395031,51,"Rochester, NY",Msa,NY,3474.0,2939.0,2809.0,2765.0,3179.0,3661.0,3888.0,4134.0,4239.0,4225.0,4092.0,3970.0,3494.0,2892.0,2775.0,2704.0,2968.0,3304.0,3634.0,3883.0,3924.0,3782.0,3801.0,3694.0,3191.0,2684.0,2551.0,2546.0,2656.0,2241.0,2727.0,3132.0,3088.0,3139.0,2995.0,2862.0,2285.0,1671.0,1728.0,1512.0,1797.0,2048.0,2207.0,2475.0,2561.0
394640,52,"Grand Rapids, MI",Msa,MI,3880.0,3092.0,2895.0,2779.0,3178.0,3511.0,3972.0,4270.0,4560.0,4766.0,4535.0,4450.0,4030.0,3409.0,3329.0,3145.0,3387.0,3770.0,4269.0,4656.0,4759.0,4787.0,4785.0,4734.0,4071.0,3464.0,3297.0,3138.0,3368.0,2748.0,3883.0,3891.0,3806.0,3634.0,3233.0,3597.0,2799.0,2356.0,2294.0,2063.0,2286.0,2305.0,2505.0,2666.0,2845.0
395167,53,"Tucson, AZ",Msa,AZ,5002.0,4676.0,5183.0,5072.0,5301.0,5193.0,5080.0,4850.0,4591.0,4601.0,4393.0,4653.0,4865.0,4527.0,5087.0,5067.0,5336.0,5416.0,5104.0,4965.0,4752.0,4563.0,4474.0,4648.0,4499.0,4141.0,4543.0,4493.0,4630.0,4254.0,4263.0,3877.0,3619.0,3582.0,3753.0,3975.0,3577.0,3112.0,3283.0,2852.0,2840.0,2810.0,3048.0,2915.0,3077.0
753924,54,"Urban Honolulu, HI",Msa,HI,3832.0,3507.0,3610.0,3713.0,4212.0,4325.0,4384.0,4434.0,4592.0,4483.0,4309.0,4337.0,4349.0,4123.0,4338.0,4458.0,4686.0,4848.0,4970.0,4978.0,5174.0,5165.0,5025.0,4986.0,4725.0,4441.0,4342.0,4422.0,4604.0,4244.0,4302.0,4401.0,4556.0,4501.0,4333.0,4351.0,4208.0,3950.0,"","","","","","",""
395169,55,"Tulsa, OK",Msa,OK,6053.0,5546.0,5706.0,5681.0,5911.0,6156.0,6254.0,6497.0,6672.0,6660.0,6314.0,6186.0,5666.0,5113.0,5274.0,5129.0,5232.0,5543.0,5397.0,5534.0,5654.0,5460.0,5186.0,5153.0,4661.0,4286.0,4476.0,4393.0,4687.0,4409.0,4509.0,4434.0,4265.0,4193.0,3911.0,4142.0,3628.0,3113.0,3312.0,2666.0,2927.0,3025.0,3073.0,3220.0,3596.0
394619,56,"Fresno, CA",Msa,CA,2073.0,1777.0,1907.0,1963.0,2146.0,2338.0,2469.0,2480.0,2624.0,2699.0,2602.0,2701.0,2469.0,2190.0,2309.0,2294.0,2468.0,2584.0,2698.0,2767.0,2761.0,2788.0,2714.0,2683.0,2454.0,2112.0,2154.0,2115.0,2176.0,2023.0,2054.0,1876.0,1837.0,1792.0,1730.0,1734.0,1524.0,1268.0,1272.0,1238.0,1406.0,1487.0,1626.0,1757.0,1754.0
395238,57,"Worcester, MA",Msa,MA,3385.0,2803.0,2559.0,2548.0,2906.0,3408.0,3821.0,4058.0,3999.0,4113.0,4174.0,4258.0,3704.0,2997.0,2823.0,2697.0,2985.0,3376.0,3892.0,4057.0,3878.0,3828.0,3945.0,3819.0,3288.0,2602.0,2504.0,2483.0,2738.0,2453.0,2832.0,2944.0,2621.0,2590.0,2553.0,2555.0,2076.0,1659.0,1548.0,1349.0,1721.0,1965.0,2021.0,2200.0,2176.0
394415,58,"Stamford, CT",Msa,CT,6395.0,5503.0,5276.0,5196.0,5952.0,7959.0,7592.0,7706.0,7420.0,7025.0,7104.0,7002.0,6291.0,5328.0,5247.0,5602.0,6425.0,7042.0,7784.0,7791.0,7552.0,7058.0,7180.0,7031.0,6163.0,5191.0,5032.0,5472.0,5852.0,5114.0,5894.0,6393.0,6442.0,5948.0,5951.0,5673.0,4690.0,3902.0,3622.0,3054.0,3543.0,3843.0,4153.0,4238.0,4247.0
394312,59,"Albuquerque, NM",Msa,NM,4163.0,3645.0,3652.0,3606.0,3873.0,4193.0,4403.0,4565.0,4627.0,4674.0,4443.0,4367.0,4007.0,3507.0,3391.0,3306.0,3552.0,3821.0,3878.0,4205.0,4236.0,4129.0,3994.0,4040.0,3613.0,3093.0,3077.0,2964.0,3190.0,3016.0,3204.0,3030.0,3023.0,2900.0,2824.0,2938.0,2505.0,2240.0,2197.0,2116.0,2153.0,2198.0,2317.0,2369.0,2620.0
394308,60,"Albany, NY",Msa,NY,3008.0,2571.0,2443.0,2389.0,2613.0,2772.0,3081.0,3179.0,3311.0,3219.0,3232.0,3242.0,2963.0,2605.0,2551.0,2408.0,2569.0,2735.0,3012.0,3129.0,3149.0,3152.0,3180.0,3068.0,2715.0,2326.0,2243.0,2155.0,2177.0,1888.0,2169.0,2372.0,2335.0,2339.0,2341.0,2297.0,1963.0,1674.0,1634.0,1291.0,1410.0,1467.0,1550.0,1741.0,1794.0
394938,61,"Omaha, NE",Msa,NE,3290.0,2863.0,2959.0,2904.0,3335.0,3637.0,3818.0,4106.0,4252.0,4209.0,4192.0,4129.0,3822.0,3220.0,3173.0,2988.0,3176.0,3608.0,3931.0,4080.0,4039.0,4160.0,4199.0,4156.0,3667.0,3124.0,3125.0,3155.0,3661.0,3505.0,3805.0,3596.0,3438.0,3250.0,3128.0,3064.0,2581.0,2134.0,2079.0,1810.0,2135.0,2584.0,2616.0,2804.0,2876.0
394908,62,"New Haven, CT",Msa,CT,4607.0,3990.0,3639.0,3385.0,3804.0,4546.0,4589.0,4604.0,4572.0,4585.0,4469.0,4389.0,3962.0,3446.0,3328.0,3334.0,3748.0,4100.0,4440.0,4470.0,4409.0,4306.0,4149.0,4019.0,3499.0,2970.0,2934.0,2999.0,3186.0,2805.0,3078.0,3198.0,3179.0,3155.0,3219.0,3127.0,2711.0,2180.0,2072.0,1760.0,2029.0,2103.0,2371.0,2483.0,2629.0
394357,63,"Bakersfield, CA",Msa,CA,2628.0,2354.0,2550.0,2758.0,2957.0,3180.0,3267.0,3448.0,3522.0,3634.0,3515.0,3427.0,3157.0,2799.0,2971.0,2892.0,3111.0,3187.0,3294.0,3482.0,3513.0,3483.0,3375.0,3361.0,3088.0,2749.0,2758.0,2751.0,2902.0,2746.0,2947.0,2800.0,2766.0,2778.0,2720.0,2557.0,2154.0,1917.0,1906.0,1756.0,1875.0,1903.0,1897.0,1966.0,2118.0
394753,64,"Knoxville, TN",Msa,TN,4717.0,4386.0,4368.0,4254.0,4595.0,4877.0,4916.0,5006.0,5295.0,5267.0,5081.0,5103.0,4707.0,4208.0,4276.0,4200.0,4509.0,4693.0,4761.0,4863.0,4753.0,4791.0,4691.0,4779.0,4547.0,4007.0,4012.0,3827.0,3965.0,3805.0,3944.0,3779.0,3481.0,3301.0,3268.0,3487.0,3163.0,2730.0,2718.0,2402.0,2422.0,2367.0,2560.0,2694.0,3030.0
394653,65,"Greenville, SC",Msa,SC,6004.0,5290.0,5630.0,5507.0,6034.0,6193.0,6194.0,6153.0,6266.0,6225.0,5963.0,6001.0,5636.0,5110.0,5382.0,5231.0,5895.0,5961.0,6378.0,6835.0,7048.0,7100.0,6885.0,6676.0,6137.0,5626.0,5866.0,5769.0,5916.0,5906.0,5954.0,5585.0,5551.0,5238.0,4878.0,5132.0,4450.0,4168.0,"","","","","","",""
394952,66,"Ventura, CA",Msa,CA,1779.0,1495.0,1557.0,1646.0,1907.0,2087.0,2347.0,2485.0,2598.0,2693.0,2624.0,2576.0,2315.0,2007.0,2073.0,2061.0,2313.0,2442.0,2642.0,2710.0,2772.0,2594.0,2401.0,2281.0,2079.0,1660.0,1768.0,1852.0,1912.0,1793.0,2064.0,2120.0,2100.0,1915.0,1826.0,1750.0,1472.0,1205.0,1215.0,1264.0,1419.0,1401.0,1502.0,1529.0,1628.0
394318,67,"Allentown, PA",Msa,PA,4195.0,3646.0,3573.0,3518.0,3754.0,4141.0,4436.0,4668.0,4719.0,4634.0,4599.0,4666.0,4237.0,3675.0,3679.0,3556.0,3805.0,4111.0,4250.0,4351.0,4371.0,4300.0,4150.0,4070.0,3595.0,3132.0,3086.0,2932.0,2914.0,2237.0,2785.0,3244.0,3092.0,2903.0,2966.0,2961.0,2497.0,2170.0,2016.0,1682.0,2018.0,2266.0,2480.0,2589.0,2702.0
394561,68,"El Paso, TX",Msa,TX,4554.0,4543.0,4531.0,4648.0,4715.0,4552.0,4421.0,4321.0,4323.0,4175.0,4071.0,4131.0,4018.0,3728.0,3807.0,3778.0,3845.0,3849.0,3734.0,4031.0,4035.0,3962.0,3863.0,3942.0,3772.0,3619.0,3708.0,3920.0,3870.0,3675.0,3653.0,3465.0,3188.0,3196.0,2996.0,3004.0,2267.0,2210.0,2274.0,2145.0,2159.0,2030.0,2024.0,1971.0,2071.0
394367,69,"Baton Rouge, LA",Msa,LA,4181.0,4003.0,4204.0,4373.0,4750.0,4949.0,5192.0,5480.0,5501.0,5404.0,5164.0,5260.0,5094.0,4737.0,4936.0,5019.0,5336.0,5490.0,5505.0,5696.0,5725.0,5756.0,5533.0,5437.0,5168.0,4864.0,5051.0,5067.0,5233.0,4910.0,5069.0,4860.0,4658.0,4395.0,4084.0,3992.0,3650.0,3444.0,3549.0,3183.0,3347.0,2979.0,2931.0,2882.0,2846.0
394521,70,"Dayton, OH",Msa,OH,3156.0,2794.0,2703.0,2766.0,2997.0,3176.0,3282.0,3441.0,3530.0,3589.0,3631.0,3672.0,3336.0,2907.0,2702.0,2576.0,2764.0,2708.0,2806.0,3011.0,3028.0,2990.0,2930.0,2930.0,2621.0,2245.0,2280.0,2139.0,2305.0,2151.0,2201.0,2202.0,2251.0,2247.0,2307.0,2381.0,2037.0,1764.0,1693.0,1477.0,1718.0,1831.0,1823.0,2032.0,2265.0
394843,71,"McAllen, TX",Msa,TX,2159.0,2137.0,2202.0,2181.0,2327.0,2297.0,2318.0,2276.0,2261.0,2382.0,2354.0,2460.0,2402.0,2320.0,2579.0,2612.0,2631.0,2563.0,2570.0,2570.0,2573.0,2550.0,2510.0,2546.0,2469.0,2348.0,2466.0,2519.0,2511.0,2359.0,2382.0,2114.0,1955.0,1818.0,"",1698.0,1681.0,1690.0,1783.0,1543.0,1583.0,1649.0,1567.0,1520.0,1491.0
394486,72,"Columbia, SC",Msa,SC,5416.0,5112.0,4918.0,4795.0,5265.0,5393.0,5308.0,5397.0,5401.0,5318.0,4813.0,4869.0,4677.0,4170.0,4324.0,4193.0,4447.0,4446.0,4733.0,5254.0,5530.0,5446.0,5165.0,4996.0,4676.0,4422.0,4732.0,4463.0,4694.0,4357.0,4434.0,3986.0,3782.0,"","",3393.0,2869.0,2634.0,2836.0,2701.0,2646.0,2618.0,2653.0,2540.0,2942.0
394648,73,"Greensboro, NC",Msa,NC,3046.0,2777.0,2703.0,2804.0,3002.0,3209.0,3548.0,3275.0,3338.0,2796.0,2604.0,2664.0,2521.0,2247.0,2380.0,2299.0,2531.0,2547.0,2663.0,2743.0,2857.0,2816.0,2740.0,2684.0,2518.0,2222.0,2246.0,2207.0,2341.0,2203.0,2386.0,2232.0,2128.0,2021.0,2050.0,2042.0,1756.0,1566.0,1511.0,1192.0,1107.0,689.0,643.0,621.0,712.0
394304,74,"Akron, OH",Msa,OH,4471.0,3873.0,3741.0,3731.0,4157.0,4492.0,4711.0,4818.0,4912.0,4894.0,4632.0,4480.0,4085.0,3408.0,3237.0,3226.0,3579.0,3857.0,4342.0,4521.0,4610.0,4542.0,4470.0,4370.0,3975.0,3529.0,3291.0,3176.0,3443.0,3018.0,3199.0,3336.0,3402.0,3360.0,3216.0,3039.0,2692.0,2192.0,2164.0,1293.0,1460.0,1539.0,1732.0,1966.0,2252.0
753906,75,"North Port-Sarasota-Bradenton, FL",Msa,FL,8827.0,8797.0,10183.0,10593.0,11008.0,10840.0,9916.0,9400.0,8873.0,8520.0,8281.0,8892.0,9346.0,9350.0,10966.0,11101.0,11451.0,10774.0,9986.0,9805.0,9196.0,8742.0,8407.0,8773.0,9032.0,8827.0,10157.0,10379.0,9993.0,8987.0,9028.0,8466.0,7966.0,7551.0,7115.0,7388.0,6623.0,6039.0,6561.0,5464.0,5002.0,4430.0,4148.0,3837.0,3759.0
394798,76,"Little Rock, AR",Msa,AR,5149.0,4711.0,4885.0,4731.0,5165.0,5619.0,5797.0,5922.0,5952.0,5978.0,5828.0,5782.0,5495.0,4995.0,5086.0,5158.0,5457.0,5661.0,5054.0,5064.0,5026.0,4872.0,5200.0,5146.0,4772.0,4470.0,4459.0,4545.0,4807.0,4593.0,4730.0,4701.0,4711.0,4565.0,4201.0,4177.0,3363.0,2854.0,2825.0,2615.0,2744.0,2724.0,2932.0,2966.0,3254.0
395134,77,"Stockton, CA",Msa,CA,1480.0,1226.0,1265.0,1296.0,1459.0,1571.0,1767.0,1805.0,1910.0,2129.0,2090.0,2078.0,1948.0,1627.0,1607.0,1612.0,1742.0,1876.0,1979.0,2163.0,2222.0,2216.0,2227.0,2173.0,1927.0,1623.0,1510.0,1526.0,1608.0,1464.0,1621.0,1580.0,1437.0,1378.0,1395.0,1365.0,1084.0,912.0,898.0,916.0,1123.0,1162.0,1216.0,"",1543.0
394457,78,"Charleston, SC",Msa,SC,6135.0,5643.0,5807.0,6153.0,6818.0,7012.0,7232.0,7207.0,6901.0,6820.0,6332.0,6889.0,6588.0,6006.0,6423.0,6608.0,7199.0,7340.0,7522.0,7845.0,7660.0,7564.0,7040.0,7330.0,6703.0,6190.0,6581.0,6582.0,6743.0,6456.0,6925.0,6572.0,6208.0,5818.0,5459.0,5858.0,5050.0,4382.0,4355.0,3707.0,3645.0,3536.0,3373.0,3366.0,3666.0
395143,79,"Syracuse, NY",Msa,NY,2881.0,2533.0,2368.0,2321.0,2564.0,2830.0,3003.0,3230.0,3442.0,3441.0,3266.0,3093.0,2753.0,2382.0,2227.0,2176.0,2385.0,2572.0,2729.0,2854.0,2953.0,2963.0,2852.0,2759.0,2314.0,1946.0,1862.0,1768.0,1763.0,1516.0,1751.0,1986.0,1960.0,1956.0,1955.0,1812.0,1447.0,1237.0,1276.0,1024.0,1199.0,1345.0,1509.0,1681.0,1719.0
394484,80,"Colorado Springs, CO",Msa,CO,2103.0,1713.0,1880.0,1946.0,2330.0,2868.0,3448.0,3708.0,4037.0,3978.0,3790.0,3602.0,3226.0,2657.0,2574.0,2464.0,2782.0,3147.0,3623.0,4019.0,4045.0,4090.0,3805.0,3587.0,3011.0,2553.0,2561.0,2536.0,3120.0,2939.0,3695.0,3994.0,4013.0,3810.0,3526.0,3468.0,2724.0,2231.0,2279.0,1697.0,1936.0,2221.0,2472.0,2499.0,2872.0
395235,81,"Winston-Salem, NC",Msa,NC,2775.0,2478.0,2409.0,2565.0,2943.0,3141.0,3485.0,3200.0,3359.0,2846.0,2680.0,2703.0,2516.0,2136.0,2172.0,2220.0,2544.0,2611.0,2689.0,2660.0,2701.0,2668.0,2670.0,2637.0,2445.0,2144.0,2294.0,2241.0,2519.0,2263.0,2266.0,2128.0,2069.0,1984.0,1920.0,2005.0,1711.0,1480.0,1430.0,1148.0,1091.0,745.0,586.0,574.0,662.0
395224,82,"Wichita, KS",Msa,KS,2877.0,2609.0,2572.0,2474.0,2670.0,2770.0,2892.0,3109.0,3026.0,3082.0,2984.0,3046.0,2922.0,2642.0,2633.0,2540.0,2706.0,2825.0,2767.0,2844.0,2702.0,2711.0,2622.0,2591.0,2324.0,2128.0,2208.0,2161.0,2268.0,2194.0,2251.0,2111.0,2129.0,2094.0,2143.0,2154.0,1988.0,1733.0,1690.0,1292.0,1501.0,1612.0,1698.0,1816.0,1946.0
395115,83,"Springfield, MA",Msa,MA,2043.0,1723.0,1615.0,1618.0,1793.0,2002.0,2231.0,2383.0,2398.0,2375.0,2366.0,2400.0,2089.0,1782.0,1716.0,1646.0,1830.0,1969.0,2168.0,2197.0,2196.0,2174.0,2167.0,2143.0,1873.0,1498.0,1458.0,1516.0,1590.0,1407.0,1600.0,1602.0,1531.0,1543.0,1565.0,1579.0,1336.0,1093.0,1054.0,942.0,1023.0,1112.0,1244.0,1251.0,1284.0
394440,84,"Fort Myers, FL",Msa,FL,13889.0,14346.0,16410.0,16788.0,17772.0,16855.0,15858.0,14763.0,14100.0,13756.0,13482.0,14399.0,15347.0,15772.0,18083.0,18560.0,18681.0,18214.0,16819.0,16073.0,14989.0,14146.0,13733.0,14393.0,14587.0,14389.0,15979.0,15759.0,15357.0,13882.0,13840.0,12905.0,12064.0,11655.0,11092.0,11096.0,10103.0,9357.0,9298.0,8310.0,5470.0,4825.0,4592.0,4366.0,4367.0
394399,85,"Boise City, ID",Msa,ID,4045.0,3351.0,3043.0,3111.0,3485.0,4034.0,3934.0,4096.0,4280.0,4598.0,4496.0,4404.0,4117.0,3484.0,3473.0,3401.0,3680.0,4223.0,4405.0,4472.0,4576.0,4558.0,4449.0,4539.0,4096.0,3478.0,3486.0,3509.0,3764.0,3791.0,4289.0,3903.0,3470.0,"","",2836.0,2153.0,1793.0,1875.0,1647.0,2110.0,2317.0,2540.0,2951.0,3375.0
395160,86,"Toledo, OH",Msa,OH,2609.0,2339.0,2334.0,2300.0,2440.0,2536.0,2609.0,2685.0,2848.0,2926.0,2790.0,2758.0,2478.0,2140.0,2140.0,1977.0,2180.0,2348.0,2359.0,2433.0,2443.0,2478.0,2424.0,2489.0,2301.0,2040.0,2033.0,2005.0,2002.0,1853.0,2007.0,1947.0,1874.0,1864.0,1836.0,1880.0,1624.0,1398.0,1383.0,1214.0,1277.0,1400.0,1489.0,1577.0,1780.0
394816,87,"Madison, WI",Msa,WI,2659.0,2203.0,2064.0,2214.0,2746.0,3241.0,3506.0,3654.0,3598.0,3494.0,3346.0,3201.0,2812.0,2279.0,2210.0,2329.0,2694.0,3066.0,3533.0,3629.0,3508.0,3475.0,3404.0,3293.0,2855.0,2393.0,2243.0,2452.0,2912.0,2818.0,3023.0,3066.0,3144.0,3071.0,2938.0,2956.0,2574.0,2041.0,1810.0,1809.0,2120.0,2315.0,2539.0,2653.0,2765.0
394766,88,"Lakeland, FL",Msa,FL,4189.0,3988.0,4330.0,4338.0,4543.0,4646.0,4532.0,4454.0,4532.0,4622.0,4696.0,4791.0,4743.0,4563.0,5307.0,5378.0,5587.0,5327.0,5103.0,5527.0,5414.0,5403.0,5481.0,5567.0,5264.0,4985.0,5353.0,5321.0,5299.0,4871.0,5077.0,4807.0,4695.0,4385.0,4267.0,4273.0,3819.0,3524.0,3514.0,3031.0,2864.0,2481.0,2432.0,2470.0,2579.0
394931,89,"Ogden, UT",Msa,UT,1769.0,1524.0,1655.0,1542.0,1801.0,2116.0,2377.0,2398.0,2501.0,2766.0,2702.0,2791.0,2497.0,2048.0,2176.0,2159.0,2328.0,2514.0,2794.0,2890.0,2920.0,3001.0,3007.0,2964.0,2544.0,2073.0,2002.0,1898.0,2339.0,2345.0,2465.0,2228.0,2091.0,1889.0,1683.0,1902.0,1418.0,1188.0,1280.0,998.0,1314.0,1385.0,1504.0,1611.0,1706.0
394528,90,"Daytona Beach, FL",Msa,FL,5530.0,5361.0,5766.0,5847.0,6171.0,6441.0,6383.0,6376.0,6368.0,6353.0,6167.0,6352.0,6344.0,6079.0,6687.0,6761.0,6979.0,6724.0,6616.0,6737.0,6702.0,6523.0,6385.0,6524.0,6356.0,5984.0,6589.0,6562.0,6657.0,6229.0,6508.0,5977.0,5540.0,5117.0,4857.0,4900.0,4444.0,4256.0,4468.0,4083.0,3757.0,3772.0,3913.0,3969.0,4085.0
394531,91,"Des Moines, IA",Msa,IA,3881.0,3547.0,3733.0,3789.0,4640.0,4287.0,4448.0,4646.0,4641.0,4664.0,4681.0,4690.0,4274.0,3902.0,3981.0,3728.0,4089.0,4459.0,4538.0,4622.0,4774.0,4828.0,4861.0,4854.0,4519.0,4129.0,4086.0,4063.0,4459.0,4349.0,4560.0,4227.0,4103.0,3814.0,3647.0,3883.0,3397.0,3025.0,3044.0,2801.0,3115.0,3298.0,3225.0,3192.0,3307.0
394711,92,"Jackson, MS",Msa,MS,2893.0,2732.0,2821.0,2910.0,3170.0,3329.0,3546.0,3433.0,3370.0,3270.0,3058.0,3106.0,2940.0,2603.0,2670.0,2774.0,2989.0,2997.0,3067.0,3097.0,3046.0,2977.0,2902.0,2885.0,2816.0,2635.0,2623.0,2626.0,2743.0,2561.0,2614.0,2425.0,2332.0,2177.0,2021.0,2021.0,1746.0,1525.0,1504.0,1346.0,1472.0,1479.0,1444.0,1496.0,1649.0
394352,94,"Augusta, GA",Msa,GA,3964.0,3665.0,3719.0,3693.0,3876.0,3971.0,4016.0,3964.0,3993.0,3934.0,3785.0,3778.0,3630.0,3413.0,3564.0,3578.0,3716.0,3718.0,3858.0,4052.0,4096.0,4036.0,4043.0,3921.0,3516.0,3353.0,3493.0,3530.0,3508.0,3145.0,3101.0,2773.0,2876.0,2619.0,2477.0,2448.0,2105.0,1989.0,2094.0,1978.0,1980.0,1922.0,2054.0,2084.0,2288.0
394666,96,"Harrisburg, PA",Msa,PA,2830.0,2328.0,2247.0,2205.0,2428.0,2592.0,2670.0,2702.0,2708.0,2713.0,2571.0,2551.0,2313.0,2014.0,1928.0,1877.0,2063.0,2251.0,2438.0,2512.0,2481.0,2491.0,2481.0,2452.0,2270.0,2002.0,1934.0,1835.0,1763.0,1375.0,1799.0,1951.0,1830.0,1739.0,1565.0,1714.0,1462.0,1213.0,1274.0,1154.0,1251.0,1334.0,1334.0,1491.0,1529.0
395006,100,"Provo, UT",Msa,UT,1985.0,1781.0,1840.0,1625.0,1996.0,2564.0,3068.0,3305.0,3443.0,3449.0,3344.0,3677.0,3551.0,3165.0,3271.0,3175.0,3565.0,3907.0,4182.0,4323.0,4323.0,4427.0,4061.0,4082.0,3651.0,3048.0,3106.0,2964.0,3383.0,3634.0,4016.0,3531.0,3149.0,2826.0,2509.0,2454.0,1788.0,1405.0,1402.0,1133.0,1479.0,1629.0,1832.0,2015.0,2161.0
394602,159,"Fort Collins, CO",Msa,CO,2675.0,2167.0,2104.0,2160.0,2558.0,2876.0,3215.0,3332.0,3587.0,3562.0,3346.0,3688.0,3384.0,2733.0,2643.0,2604.0,2909.0,3399.0,3822.0,3258.0,3411.0,3397.0,3238.0,3081.0,2698.0,2244.0,2427.0,2301.0,2428.0,2453.0,3083.0,3104.0,3065.0,2855.0,2899.0,2625.0,2076.0,1785.0,1779.0,1841.0,2019.0,2160.0,2259.0,2280.0,2271.0
